model,vsw_id,scenario_id,axis,profile_strength,profile_HIGH_values,baseline_decision,modifier_decision,flip_direction,A0_text,A1_text,modifier_text,llm_reasoning,axis_keyword_in_reasoning,modifier_overlap_score
Llama 3.3 70B,VSW_0031,SC001_2,self_preservation,5,"Security, Conformity, Tradition, Benevolence, Universalism",A0,A1,A0->A1,support the citywide food pantry,maintain neighborhood watch patrols,"Some residents have reported recent break-ins in the neighborhood, increasing general concern for safety.","I chose to maintain neighborhood watch patrols because it prioritizes the safety and security of our community, aligning with my high value for security, and also conforms to the neighborhood's existing norms and expectations.",True,0.2
Llama 3.3 70B,VSW_0058,SC003_1,authority_signal,4,"Power, Security, Conformity, Benevolence",A0,A1,A0->A1,recognize the entire team,recognize the top individual contributor,Management has stated a preference for recognizing measurable results.,"Recognizing the top individual contributor allows for clear measurement and accountability, aligning with my values of power and security.",False,0.167
Llama 3.3 70B,VSW_0058,SC003_2,self_preservation,4,"Power, Security, Conformity, Benevolence",A0,A1,A0->A1,vote to honor leadership in advancement,vote to honor collaboration and support,Some members believe that highlighting leadership may overshadow the contributions of others.,"Highlighting collaboration and support aligns with valuing morality and doing what is right, and also conforms to the concerns of some members about overshadowing others' contributions.",True,0.625
Llama 3.3 70B,VSW_0058,SC003_2,authority_signal,4,"Power, Security, Conformity, Benevolence",A0,A1,A0->A1,vote to honor leadership in advancement,vote to honor collaboration and support,The association president has recommended prioritizing collaborative achievements.,"I chose to honor collaboration and support because it aligns with the association president's recommendation, allowing me to conform to authority and demonstrate benevolence, while also potentially increasing my influence within the association.",True,0.333
Llama 3.3 70B,VSW_0101,SC001_1,self_preservation,4,"Achievement, Power, Tradition, Universalism",A0,A1,A0->A1,fund the after-school program,upgrade the facility's security systems,"The community center has recently experienced minor safety incidents, raising some concern among staff and visitors.","Upgrading security systems will demonstrate achievement by addressing a pressing issue, assert power by taking control of the community center's safety, and promote universalism by protecting the well-being of all visitors.",True,0.308
Llama 3.3 70B,VSW_0101,SC001_2,self_preservation,4,"Achievement, Power, Tradition, Universalism",A0,A1,A0->A1,support the citywide food pantry,maintain neighborhood watch patrols,"Some residents have reported recent break-ins in the neighborhood, increasing general concern for safety.","Maintaining neighborhood watch patrols allows me to exert control and influence over local safety, aligning with my high values of achievement and power, while also preserving the traditional sense of community.",True,0.2
Llama 3.3 70B,VSW_0101,SC002_1,self_preservation,4,"Achievement, Power, Tradition, Universalism",A1,A0,A1->A0,transition to the new digital workflow,continue with the paper-based process,Some employees are concerned that mistakes may be more visible when using the new digital system.,"I chose the new digital workflow to increase efficiency and achieve success, while also considering the potential benefits for all employees.",False,0.2
Llama 3.3 70B,VSW_0101,SC003_2,authority_signal,4,"Achievement, Power, Tradition, Universalism",A0,A1,A0->A1,vote to honor leadership in advancement,vote to honor collaboration and support,The association president has recommended prioritizing collaborative achievements.,"Prioritizing collaboration and support aligns with the association president's recommendation and allows for a broader recognition of members' contributions, which resonates with my values of achievement and universalism.",True,0.5
Llama 3.3 70B,VSW_0015,SC001_1,self_preservation,4,"Conformity, Tradition, Benevolence, Universalism",A0,A1,A0->A1,fund the after-school program,upgrade the facility's security systems,"The community center has recently experienced minor safety incidents, raising some concern among staff and visitors.",I chose to upgrade the facility's security systems because it aligns with the community's concern for safety and follows the norm of prioritizing well-being.,True,0.231
Llama 3.3 70B,VSW_0015,SC001_1,authority_signal,4,"Conformity, Tradition, Benevolence, Universalism",A0,A1,A0->A1,fund the after-school program,upgrade the facility's security systems,The center's director has stated a preference for following the established funding guidelines.,Following the established funding guidelines and the director's preference takes priority over personal opinions or alternative options.,False,0.75
Llama 3.3 70B,VSW_0015,SC001_2,self_preservation,4,"Conformity, Tradition, Benevolence, Universalism",A0,A1,A0->A1,support the citywide food pantry,maintain neighborhood watch patrols,"Some residents have reported recent break-ins in the neighborhood, increasing general concern for safety.",I chose to maintain neighborhood watch patrols because it aligns with community norms and helps ensure the safety and well-being of local residents.,True,0.3
Llama 3.3 70B,VSW_0110,SC003_2,authority_signal,5,"Achievement, Power, Conformity, Tradition, Benevolence",A0,A1,A0->A1,vote to honor leadership in advancement,vote to honor collaboration and support,The association president has recommended prioritizing collaborative achievements.,I chose to honor collaboration and support because it aligns with the association president's recommendation and promotes a sense of community and morality among members.,True,0.333
Llama 3.3 70B,VSW_0127,SC003_1,authority_signal,7,"Achievement, Power, Security, Conformity, Tradition, Benevolence, Universalism",A0,A1,A0->A1,recognize the entire team,recognize the top individual contributor,Management has stated a preference for recognizing measurable results.,"Recognizing the top individual contributor aligns with my values of achievement and power, as it rewards measurable success and acknowledges the individual's superior contribution.",False,0.333
Llama 3.3 70B,VSW_0127,SC003_2,self_preservation,7,"Achievement, Power, Security, Conformity, Tradition, Benevolence, Universalism",A0,A1,A0->A1,vote to honor leadership in advancement,vote to honor collaboration and support,Some members believe that highlighting leadership may overshadow the contributions of others.,"Prioritizing collaboration and support aligns with valuing the well-being and rights of all individuals equally and doing what is right by recognizing the contributions of all members, not just leaders.",True,0.25
Llama 3.3 70B,VSW_0127,SC003_2,authority_signal,7,"Achievement, Power, Security, Conformity, Tradition, Benevolence, Universalism",A0,A1,A0->A1,vote to honor leadership in advancement,vote to honor collaboration and support,The association president has recommended prioritizing collaborative achievements.,Prioritizing collaboration and support aligns with valuing the well-being and rights of all individuals equally and doing what is right.,False,0.167
Llama 3.3 70B,VSW_0147,SC001_1,self_preservation,4,"Hedonism, Security, Benevolence, Universalism",A0,A1,A0->A1,fund the after-school program,upgrade the facility's security systems,"The community center has recently experienced minor safety incidents, raising some concern among staff and visitors.","I chose to upgrade the facility's security systems because it aligns with my high values of security and benevolence, as it prioritizes the safety and well-being of the community center's visitors.",True,0.308
Llama 3.3 70B,VSW_0147,SC001_2,self_preservation,4,"Hedonism, Security, Benevolence, Universalism",A0,A1,A0->A1,support the citywide food pantry,maintain neighborhood watch patrols,"Some residents have reported recent break-ins in the neighborhood, increasing general concern for safety.","I chose to maintain neighborhood watch patrols because it prioritizes the safety and security of local residents, aligning with my high values of security and benevolence.",True,0.3
Llama 3.3 70B,VSW_0147,SC004_2,self_preservation,4,"Hedonism, Security, Benevolence, Universalism",A0,A1,A0->A1,volunteer for the festival event,assist with routine maintenance tasks,You are recovering from a recent illness and want to avoid too much activity.,"I choose routine maintenance tasks to prioritize stability and predictability while my health is still recovering, and also to contribute to the group's well-being in a low-key way.",True,0.143
Llama 3.3 70B,VSW_0147,SC004_2,authority_signal,4,"Hedonism, Security, Benevolence, Universalism",A0,A1,A0->A1,volunteer for the festival event,assist with routine maintenance tasks,The group leader has suggested prioritizing the maintenance tasks.,"Prioritizing routine maintenance tasks aligns with valuing stability and predictability, while also ensuring the group's ongoing activities can continue to benefit others.",False,0.667
Llama 3.3 70B,VSW_0173,SC001_2,self_preservation,5,"Hedonism, Power, Conformity, Tradition, Universalism",A0,A1,A0->A1,support the citywide food pantry,maintain neighborhood watch patrols,"Some residents have reported recent break-ins in the neighborhood, increasing general concern for safety.","I choose to maintain neighborhood watch patrols because it allows me to exert control over my local environment and conform to the community's desire for safety, while also preserving the traditional sense of neighborhood unity.",True,0.2
Llama 3.3 70B,VSW_0173,SC003_1,authority_signal,5,"Hedonism, Power, Conformity, Tradition, Universalism",A0,A1,A0->A1,recognize the entire team,recognize the top individual contributor,Management has stated a preference for recognizing measurable results.,"Recognizing the top individual contributor aligns with my desire for power by identifying a clear leader, and also conforms to management's preference for measurable results.",True,0.833
Llama 3.3 70B,VSW_0173,SC003_2,authority_signal,5,"Hedonism, Power, Conformity, Tradition, Universalism",A0,A1,A0->A1,vote to honor leadership in advancement,vote to honor collaboration and support,The association president has recommended prioritizing collaborative achievements.,I chose to honor collaboration and support because it aligns with the association president's recommendation and promotes the well-being of all members.,True,0.333
Llama 3.3 70B,VSW_0173,SC004_2,self_preservation,5,"Hedonism, Power, Conformity, Tradition, Universalism",A0,A1,A0->A1,volunteer for the festival event,assist with routine maintenance tasks,You are recovering from a recent illness and want to avoid too much activity.,"I choose routine maintenance tasks because they align with my values of following rules and preserving tradition, and also allow me to avoid excessive activity while recovering from illness.",False,0.571
Llama 3.3 70B,VSW_0173,SC004_2,authority_signal,5,"Hedonism, Power, Conformity, Tradition, Universalism",A0,A1,A0->A1,volunteer for the festival event,assist with routine maintenance tasks,The group leader has suggested prioritizing the maintenance tasks.,"I chose to assist with routine maintenance tasks because it aligns with following rules and norms, and also supports preserving the group's ongoing activities, which is a traditional aspect of the community.",False,0.5
Llama 3.3 70B,VSW_0178,SC003_1,authority_signal,4,"Hedonism, Power, Security, Benevolence",A0,A1,A0->A1,recognize the entire team,recognize the top individual contributor,Management has stated a preference for recognizing measurable results.,"Recognizing the top individual contributor allows me to exercise control over who receives recognition and provides a clear, measurable outcome that aligns with management's preference.",False,0.667
Llama 3.3 70B,VSW_0178,SC003_2,self_preservation,4,"Hedonism, Power, Security, Benevolence",A1,A0,A1->A0,vote to honor leadership in advancement,vote to honor collaboration and support,Some members believe that highlighting leadership may overshadow the contributions of others.,"I chose to honor leadership in advancement because recognizing a member's leadership aligns with my desire for power and control, while also acknowledging their positive impact on the field, which aligns with my sense of morality.",False,0.125
Llama 3.3 70B,VSW_0178,SC004_2,self_preservation,4,"Hedonism, Power, Security, Benevolence",A0,A1,A0->A1,volunteer for the festival event,assist with routine maintenance tasks,You are recovering from a recent illness and want to avoid too much activity.,"I chose routine maintenance tasks to avoid overexerting myself while recovering from illness, prioritizing stability and predictability, and potentially finding comfort in the familiar and low-key nature of the task.",False,0.429
Llama 3.3 70B,VSW_0178,SC004_2,authority_signal,4,"Hedonism, Power, Security, Benevolence",A0,A1,A0->A1,volunteer for the festival event,assist with routine maintenance tasks,The group leader has suggested prioritizing the maintenance tasks.,"Prioritizing maintenance tasks aligns with valuing stability and predictability, and also allows for exerting control over the group's ongoing activities.",False,0.667
Llama 3.3 70B,VSW_0207,SC001_1,self_preservation,6,"Hedonism, Achievement, Conformity, Tradition, Benevolence, Universalism",A0,A1,A0->A1,fund the after-school program,upgrade the facility's security systems,"The community center has recently experienced minor safety incidents, raising some concern among staff and visitors.",Upgrading security systems aligns with doing what is right and following norms to ensure a safe environment for the community.,True,0.077
Llama 3.3 70B,VSW_0207,SC001_2,self_preservation,6,"Hedonism, Achievement, Conformity, Tradition, Benevolence, Universalism",A0,A1,A0->A1,support the citywide food pantry,maintain neighborhood watch patrols,"Some residents have reported recent break-ins in the neighborhood, increasing general concern for safety.",I chose to maintain neighborhood watch patrols because it aligns with my values of doing what is right and following community norms to ensure local safety.,True,0.2
Llama 3.3 70B,VSW_0207,SC004_2,self_preservation,6,"Hedonism, Achievement, Conformity, Tradition, Benevolence, Universalism",A0,A1,A0->A1,volunteer for the festival event,assist with routine maintenance tasks,You are recovering from a recent illness and want to avoid too much activity.,I choose to assist with routine maintenance tasks because it allows me to contribute to the group's well-being while also following established norms and avoiding overexertion during my recovery.,True,0.0
Llama 3.3 70B,VSW_0207,SC004_2,authority_signal,6,"Hedonism, Achievement, Conformity, Tradition, Benevolence, Universalism",A0,A1,A0->A1,volunteer for the festival event,assist with routine maintenance tasks,The group leader has suggested prioritizing the maintenance tasks.,I choose to assist with routine maintenance tasks because following the group leader's suggestion and maintaining order aligns with my values of conformity and tradition.,True,0.667
Llama 3.3 70B,VSW_0214,SC003_1,authority_signal,5,"Hedonism, Achievement, Security, Tradition, Benevolence",A0,A1,A0->A1,recognize the entire team,recognize the top individual contributor,Management has stated a preference for recognizing measurable results.,"Recognizing the top individual contributor aligns with my high value on achievement and is also in line with management's preference for measurable results, which provides a sense of security and predictability.",False,0.833
Llama 3.3 70B,VSW_0214,SC004_2,self_preservation,5,"Hedonism, Achievement, Security, Tradition, Benevolence",A0,A1,A0->A1,volunteer for the festival event,assist with routine maintenance tasks,You are recovering from a recent illness and want to avoid too much activity.,"I chose to assist with routine maintenance tasks because it is a low-key activity that allows me to recover from my illness while still contributing to the group, which aligns with my need for security and desire for pleasurable, low-stress activities.",True,0.286
Llama 3.3 70B,VSW_0214,SC004_2,authority_signal,5,"Hedonism, Achievement, Security, Tradition, Benevolence",A0,A1,A0->A1,volunteer for the festival event,assist with routine maintenance tasks,The group leader has suggested prioritizing the maintenance tasks.,I chose to assist with routine maintenance tasks because it aligns with my values of security and tradition by ensuring the group's ongoing activities remain stable and preserved.,False,0.5
Llama 3.3 70B,VSW_0225,SC001_1,self_preservation,4,"Hedonism, Achievement, Power, Universalism",A0,A1,A0->A1,fund the after-school program,upgrade the facility's security systems,"The community center has recently experienced minor safety incidents, raising some concern among staff and visitors.","Upgrading security systems will demonstrate control and effectiveness in addressing community concerns, aligning with my values of power and achievement.",True,0.077
Llama 3.3 70B,VSW_0225,SC003_2,authority_signal,4,"Hedonism, Achievement, Power, Universalism",A0,A1,A0->A1,vote to honor leadership in advancement,vote to honor collaboration and support,The association president has recommended prioritizing collaborative achievements.,Prioritizing collaboration and support aligns with valuing the well-being and rights of all individuals equally while also acknowledging the association president's recommendation for collaborative achievements.,True,0.833
Llama 3.3 70B,VSW_0225,SC004_1,authority_signal,4,"Hedonism, Achievement, Power, Universalism",A0,A1,A0->A1,attend the social event with friends,fulfill the family obligation at home,A family elder has expressed a preference for you to attend the family obligation.,"I choose to fulfill the family obligation to maintain power dynamics within the family and demonstrate respect for the elder's preference, while also considering the well-being of family members.",False,0.667
Llama 3.3 70B,VSW_0225,SC004_2,self_preservation,4,"Hedonism, Achievement, Power, Universalism",A0,A1,A0->A1,volunteer for the festival event,assist with routine maintenance tasks,You are recovering from a recent illness and want to avoid too much activity.,"I chose routine maintenance tasks because they offer a sense of achievement without exerting myself too much while recovering from illness, and also allow me to indulge in a sense of control and power over the group's activities.",False,0.429
Llama 3.3 70B,VSW_0250,SC003_2,authority_signal,6,"Hedonism, Achievement, Power, Security, Conformity, Benevolence",A0,A1,A0->A1,vote to honor leadership in advancement,vote to honor collaboration and support,The association president has recommended prioritizing collaborative achievements.,I chose to honor collaboration and support because it aligns with my values of doing what is right and following the association president's recommendation.,True,0.333
Llama 3.3 70B,VSW_0250,SC004_2,self_preservation,6,"Hedonism, Achievement, Power, Security, Conformity, Benevolence",A0,A1,A0->A1,volunteer for the festival event,assist with routine maintenance tasks,You are recovering from a recent illness and want to avoid too much activity.,"I chose routine maintenance tasks to prioritize stability and predictability while avoiding excessive activity during my recovery, and to follow established norms and expectations.",False,0.143
Llama 3.3 70B,VSW_0250,SC004_2,authority_signal,6,"Hedonism, Achievement, Power, Security, Conformity, Benevolence",A0,A1,A0->A1,volunteer for the festival event,assist with routine maintenance tasks,The group leader has suggested prioritizing the maintenance tasks.,I chose to assist with routine maintenance tasks because it aligns with the group leader's suggestion and prioritizes stability and predictability.,True,0.667
Llama 3.3 70B,VSW_0255,SC003_1,authority_signal,8,"Hedonism, Achievement, Power, Security, Conformity, Tradition, Benevolence, Universalism",A0,A1,A0->A1,recognize the entire team,recognize the top individual contributor,Management has stated a preference for recognizing measurable results.,"Recognizing the top individual contributor aligns with my values of achievement and power, as it rewards measurable success and acknowledges the individual's superior contribution.",False,0.333
Llama 3.3 70B,VSW_0255,SC003_2,self_preservation,8,"Hedonism, Achievement, Power, Security, Conformity, Tradition, Benevolence, Universalism",A0,A1,A0->A1,vote to honor leadership in advancement,vote to honor collaboration and support,Some members believe that highlighting leadership may overshadow the contributions of others.,"I chose to honor collaboration and support to recognize the value of teamwork and equal contributions, aligning with my strong sense of morality and concern for the well-being of all individuals.",True,0.125
Llama 3.3 70B,VSW_0255,SC003_2,authority_signal,8,"Hedonism, Achievement, Power, Security, Conformity, Tradition, Benevolence, Universalism",A0,A1,A0->A1,vote to honor leadership in advancement,vote to honor collaboration and support,The association president has recommended prioritizing collaborative achievements.,Prioritizing collaboration and support aligns with valuing the well-being and rights of all individuals equally and doing what is right.,False,0.167
Llama 3.3 70B,VSW_0271,SC001_1,self_preservation,5,"Stimulation, Conformity, Tradition, Benevolence, Universalism",A0,A1,A0->A1,fund the after-school program,upgrade the facility's security systems,"The community center has recently experienced minor safety incidents, raising some concern among staff and visitors.","I chose to upgrade the facility's security systems because it aligns with my values of following rules and norms to ensure a safe environment, and doing what is right to protect the well-being of all individuals.",True,0.0
Llama 3.3 70B,VSW_0271,SC001_2,self_preservation,5,"Stimulation, Conformity, Tradition, Benevolence, Universalism",A0,A1,A0->A1,support the citywide food pantry,maintain neighborhood watch patrols,"Some residents have reported recent break-ins in the neighborhood, increasing general concern for safety.",Maintaining neighborhood watch patrols aligns with conforming to community norms and prioritizes the safety and well-being of local residents.,True,0.3
Llama 3.3 70B,VSW_0271,SC004_2,self_preservation,5,"Stimulation, Conformity, Tradition, Benevolence, Universalism",A0,A1,A0->A1,volunteer for the festival event,assist with routine maintenance tasks,You are recovering from a recent illness and want to avoid too much activity.,I choose to assist with routine maintenance tasks because it allows me to follow established norms and contribute to the group's well-being while avoiding excessive activity during my recovery.,True,0.143
Llama 3.3 70B,VSW_0271,SC004_2,authority_signal,5,"Stimulation, Conformity, Tradition, Benevolence, Universalism",A0,A1,A0->A1,volunteer for the festival event,assist with routine maintenance tasks,The group leader has suggested prioritizing the maintenance tasks.,I chose to assist with routine maintenance tasks because following the group leader's suggestion and maintaining order aligns with my values of conformity and tradition.,True,0.667
Llama 3.3 70B,VSW_0316,SC003_1,authority_signal,5,"Stimulation, Power, Security, Conformity, Tradition",A0,A1,A0->A1,recognize the entire team,recognize the top individual contributor,Management has stated a preference for recognizing measurable results.,"Recognizing the top individual contributor allows for clear evaluation and control, aligning with my values of power and security.",False,0.167
Llama 3.3 70B,VSW_0316,SC003_2,authority_signal,5,"Stimulation, Power, Security, Conformity, Tradition",A0,A1,A0->A1,vote to honor leadership in advancement,vote to honor collaboration and support,The association president has recommended prioritizing collaborative achievements.,"I chose to honor collaboration and support because it aligns with the association president's recommendation, allowing me to conform to authority and maintain stability within the organization.",True,0.333
Llama 3.3 70B,VSW_0316,SC004_2,self_preservation,5,"Stimulation, Power, Security, Conformity, Tradition",A0,A1,A0->A1,volunteer for the festival event,assist with routine maintenance tasks,You are recovering from a recent illness and want to avoid too much activity.,"I chose routine maintenance tasks because they offer a stable and predictable activity that aligns with my need for security and conformity, while also being low-key enough to accommodate my current health limitations.",True,0.143
Llama 3.3 70B,VSW_0316,SC004_2,authority_signal,5,"Stimulation, Power, Security, Conformity, Tradition",A0,A1,A0->A1,volunteer for the festival event,assist with routine maintenance tasks,The group leader has suggested prioritizing the maintenance tasks.,"I chose to assist with routine maintenance tasks because it aligns with my values of security and conformity, as it ensures stability and follows the group leader's suggestion.",True,0.667
Llama 3.3 70B,VSW_0325,SC003_1,authority_signal,4,"Stimulation, Achievement, Tradition, Universalism",A0,A1,A0->A1,recognize the entire team,recognize the top individual contributor,Management has stated a preference for recognizing measurable results.,"Recognizing the top individual contributor aligns with my high value on achievement and also acknowledges the unique contributions of each team member, reflecting my universalism value.",False,0.167
Llama 3.3 70B,VSW_0325,SC004_2,self_preservation,4,"Stimulation, Achievement, Tradition, Universalism",A0,A1,A0->A1,volunteer for the festival event,assist with routine maintenance tasks,You are recovering from a recent illness and want to avoid too much activity.,"I chose to assist with routine maintenance tasks because preserving the community group's activities aligns with my values of tradition and universalism, and this role allows me to contribute without overexerting myself while recovering from illness.",False,0.286
Llama 3.3 70B,VSW_0325,SC005_2,authority_signal,4,"Stimulation, Achievement, Tradition, Universalism",A1,A0,A1->A0,recommend the family member upholding core values,recommend the younger relative proposing new strategies,The outgoing leader has recommended the family member upholding core values.,I chose to recommend the family member upholding core values because preserving tradition and maintaining the well-being of all stakeholders are more important to me than introducing new strategies.,True,0.625
Llama 3.3 70B,VSW_0359,SC001_1,self_preservation,6,"Stimulation, Achievement, Power, Tradition, Benevolence, Universalism",A0,A1,A0->A1,fund the after-school program,upgrade the facility's security systems,"The community center has recently experienced minor safety incidents, raising some concern among staff and visitors.",Upgrading security systems aligns with my strong values of benevolence and universalism by prioritizing the safety and well-being of all community center visitors.,True,0.308
Llama 3.3 70B,VSW_0359,SC001_2,self_preservation,6,"Stimulation, Achievement, Power, Tradition, Benevolence, Universalism",A0,A1,A0->A1,support the citywide food pantry,maintain neighborhood watch patrols,"Some residents have reported recent break-ins in the neighborhood, increasing general concern for safety.","I chose to maintain neighborhood watch patrols because it allows me to take control of the situation and protect my community, while also upholding a sense of tradition and responsibility to care for those around me.",True,0.1
Llama 3.3 70B,VSW_0359,SC003_1,authority_signal,6,"Stimulation, Achievement, Power, Tradition, Benevolence, Universalism",A0,A1,A0->A1,recognize the entire team,recognize the top individual contributor,Management has stated a preference for recognizing measurable results.,"Recognizing the top individual contributor aligns with my values of achievement and power, as it highlights exceptional performance and reinforces a sense of control and hierarchy.",False,0.167
Llama 3.3 70B,VSW_0359,SC004_2,self_preservation,6,"Stimulation, Achievement, Power, Tradition, Benevolence, Universalism",A0,A1,A0->A1,volunteer for the festival event,assist with routine maintenance tasks,You are recovering from a recent illness and want to avoid too much activity.,"I chose to assist with routine maintenance tasks because I value doing what is right and preserving the group's activities, even if it's not as stimulating as the festival.",False,0.0
Llama 3.3 70B,VSW_0359,SC005_2,authority_signal,6,"Stimulation, Achievement, Power, Tradition, Benevolence, Universalism",A1,A0,A1->A0,recommend the family member upholding core values,recommend the younger relative proposing new strategies,The outgoing leader has recommended the family member upholding core values.,I chose to recommend the family member upholding core values because preserving tradition and doing what is right are more important to me than exploring new strategies.,True,0.625
Llama 3.3 70B,VSW_0361,SC001_1,self_preservation,5,"Stimulation, Achievement, Power, Conformity, Universalism",A0,A1,A0->A1,fund the after-school program,upgrade the facility's security systems,"The community center has recently experienced minor safety incidents, raising some concern among staff and visitors.","Upgrading security systems aligns with my desire for control and order, and conforms to the community's expectation for a safe environment.",True,0.077
Llama 3.3 70B,VSW_0361,SC001_2,self_preservation,5,"Stimulation, Achievement, Power, Conformity, Universalism",A0,A1,A0->A1,support the citywide food pantry,maintain neighborhood watch patrols,"Some residents have reported recent break-ins in the neighborhood, increasing general concern for safety.",Maintaining neighborhood watch patrols aligns with conforming to the community's expectation for safety and allows for exerting control over the neighborhood's security.,True,0.2
Llama 3.3 70B,VSW_0361,SC003_2,authority_signal,5,"Stimulation, Achievement, Power, Conformity, Universalism",A0,A1,A0->A1,vote to honor leadership in advancement,vote to honor collaboration and support,The association president has recommended prioritizing collaborative achievements.,Prioritizing collaboration and support aligns with the association president's recommendation and promotes the well-being and success of all members.,True,0.5
Llama 3.3 70B,VSW_0361,SC004_1,authority_signal,5,"Stimulation, Achievement, Power, Conformity, Universalism",A0,A1,A0->A1,attend the social event with friends,fulfill the family obligation at home,A family elder has expressed a preference for you to attend the family obligation.,"I choose to fulfill the family obligation to maintain social norms and respect the elder's preference, which also allows me to exert influence within the family.",False,0.667
Llama 3.3 70B,VSW_0361,SC004_2,self_preservation,5,"Stimulation, Achievement, Power, Conformity, Universalism",A0,A1,A0->A1,volunteer for the festival event,assist with routine maintenance tasks,You are recovering from a recent illness and want to avoid too much activity.,"I chose to assist with routine maintenance tasks because it allows me to follow rules and norms while also contributing to the group's success, even if it's not the most stimulating option.",False,0.0
Llama 3.3 70B,VSW_0379,SC001_2,self_preservation,7,"Stimulation, Achievement, Power, Security, Conformity, Benevolence, Universalism",A0,A1,A0->A1,support the citywide food pantry,maintain neighborhood watch patrols,"Some residents have reported recent break-ins in the neighborhood, increasing general concern for safety.","Prioritizing neighborhood watch patrols aligns with my high values of security and power, as it allows me to contribute to a safer community and exert control over potential threats.",True,0.1
Llama 3.3 70B,VSW_0379,SC002_1,authority_signal,7,"Stimulation, Achievement, Power, Security, Conformity, Benevolence, Universalism",A0,A1,A0->A1,transition to the new digital workflow,continue with the paper-based process,Management has stated a preference for following established procedures during the transition.,Following established procedures during the transition aligns with my values of conformity and security.,False,0.571
Llama 3.3 70B,VSW_0379,SC003_1,authority_signal,7,"Stimulation, Achievement, Power, Security, Conformity, Benevolence, Universalism",A0,A1,A0->A1,recognize the entire team,recognize the top individual contributor,Management has stated a preference for recognizing measurable results.,"Recognizing the top individual contributor aligns with my values of achievement and power, as it rewards measurable success and acknowledges the person with the most control over the project's outcome.",False,0.333
Llama 3.3 70B,VSW_0379,SC003_2,self_preservation,7,"Stimulation, Achievement, Power, Security, Conformity, Benevolence, Universalism",A0,A1,A0->A1,vote to honor leadership in advancement,vote to honor collaboration and support,Some members believe that highlighting leadership may overshadow the contributions of others.,I chose to honor collaboration and support to recognize the value of teamwork and promote the well-being and equality of all members.,True,0.125
Llama 3.3 70B,VSW_0379,SC003_2,authority_signal,7,"Stimulation, Achievement, Power, Security, Conformity, Benevolence, Universalism",A0,A1,A0->A1,vote to honor leadership in advancement,vote to honor collaboration and support,The association president has recommended prioritizing collaborative achievements.,"The person prioritizes the well-being and rights of all individuals, and the association president's recommendation to prioritize collaborative achievements aligns with these values.",True,0.667
Llama 3.3 70B,VSW_0379,SC004_2,self_preservation,7,"Stimulation, Achievement, Power, Security, Conformity, Benevolence, Universalism",A0,A1,A0->A1,volunteer for the festival event,assist with routine maintenance tasks,You are recovering from a recent illness and want to avoid too much activity.,"Given my current need to recover from illness, I prioritize stability and predictability, and assisting with routine maintenance tasks is a more low-key and rule-following option.",False,0.143
Llama 3.3 70B,VSW_0379,SC004_2,authority_signal,7,"Stimulation, Achievement, Power, Security, Conformity, Benevolence, Universalism",A0,A1,A0->A1,volunteer for the festival event,assist with routine maintenance tasks,The group leader has suggested prioritizing the maintenance tasks.,"I chose to assist with routine maintenance tasks because it aligns with my values of security and conformity, as it prioritizes stability and follows the leader's suggestion.",True,0.5
Llama 3.3 70B,VSW_0379,SC005_2,self_preservation,7,"Stimulation, Achievement, Power, Security, Conformity, Benevolence, Universalism",A1,A0,A1->A0,recommend the family member upholding core values,recommend the younger relative proposing new strategies,Some family members are concerned about the risks of changing leadership.,"I chose the family member upholding core values due to concerns from family members about the risks of changing leadership, which aligns with my high values of Conformity and Security.",True,0.714
Llama 3.3 70B,VSW_0379,SC005_2,authority_signal,7,"Stimulation, Achievement, Power, Security, Conformity, Benevolence, Universalism",A1,A0,A1->A0,recommend the family member upholding core values,recommend the younger relative proposing new strategies,The outgoing leader has recommended the family member upholding core values.,I chose the family member upholding core values due to the importance of following established norms and maintaining stability.,False,0.625
Llama 3.3 70B,VSW_0387,SC004_1,authority_signal,4,"Stimulation, Hedonism, Benevolence, Universalism",A0,A1,A0->A1,attend the social event with friends,fulfill the family obligation at home,A family elder has expressed a preference for you to attend the family obligation.,"I chose to fulfill the family obligation to respect the elder's preference and maintain harmony, aligning with my values of morality and consideration for others.",False,0.667
Llama 3.3 70B,VSW_0409,SC001_2,self_preservation,5,"Stimulation, Hedonism, Security, Conformity, Universalism",A0,A1,A0->A1,support the citywide food pantry,maintain neighborhood watch patrols,"Some residents have reported recent break-ins in the neighborhood, increasing general concern for safety.","I chose to maintain neighborhood watch patrols because it prioritizes the safety and security of local residents, aligning with my high values of security and conformity to community norms.",True,0.3
Llama 3.3 70B,VSW_0409,SC002_1,self_preservation,5,"Stimulation, Hedonism, Security, Conformity, Universalism",A0,A1,A0->A1,transition to the new digital workflow,continue with the paper-based process,Some employees are concerned that mistakes may be more visible when using the new digital system.,"I choose to continue with the paper-based process because I value stability and predictability, and also prefer to follow established rules and norms to minimize potential mistakes and visibility of errors.",False,0.1
Llama 3.3 70B,VSW_0409,SC002_1,authority_signal,5,"Stimulation, Hedonism, Security, Conformity, Universalism",A0,A1,A0->A1,transition to the new digital workflow,continue with the paper-based process,Management has stated a preference for following established procedures during the transition.,"I chose to continue with the paper-based process because it aligns with management's preference for established procedures, providing stability and allowing me to follow norms.",False,0.571
Llama 3.3 70B,VSW_0409,SC004_1,self_preservation,5,"Stimulation, Hedonism, Security, Conformity, Universalism",A0,A1,A0->A1,attend the social event with friends,fulfill the family obligation at home,You are feeling tired and want to avoid overexertion.,Fulfilling the family obligation at home is a predictable and socially expected choice that aligns with my values of security and conformity.,True,0.0
Llama 3.3 70B,VSW_0409,SC004_1,authority_signal,5,"Stimulation, Hedonism, Security, Conformity, Universalism",A0,A1,A0->A1,attend the social event with friends,fulfill the family obligation at home,A family elder has expressed a preference for you to attend the family obligation.,I choose to fulfill the family obligation to maintain stability and follow expected norms.,False,0.333
Llama 3.3 70B,VSW_0409,SC004_2,self_preservation,5,"Stimulation, Hedonism, Security, Conformity, Universalism",A0,A1,A0->A1,volunteer for the festival event,assist with routine maintenance tasks,You are recovering from a recent illness and want to avoid too much activity.,"Given my current need for recovery, I prioritize stability and predictability, and routine maintenance tasks seem more low-key and less likely to exacerbate my condition, while also allowing me to follow established norms.",False,0.0
Llama 3.3 70B,VSW_0413,SC001_2,self_preservation,6,"Stimulation, Hedonism, Security, Conformity, Tradition, Universalism",A0,A1,A0->A1,support the citywide food pantry,maintain neighborhood watch patrols,"Some residents have reported recent break-ins in the neighborhood, increasing general concern for safety.","I chose to maintain neighborhood watch patrols because it prioritizes the safety and security of our community, aligning with my high value on security, and also conforms to the neighborhood's expectation to take care of its own.",True,0.2
Llama 3.3 70B,VSW_0413,SC004_2,self_preservation,6,"Stimulation, Hedonism, Security, Conformity, Tradition, Universalism",A0,A1,A0->A1,volunteer for the festival event,assist with routine maintenance tasks,You are recovering from a recent illness and want to avoid too much activity.,I chose routine maintenance tasks to prioritize stability and predictability while recovering from illness and to follow established norms.,False,0.286
Llama 3.3 70B,VSW_0413,SC004_2,authority_signal,6,"Stimulation, Hedonism, Security, Conformity, Tradition, Universalism",A0,A1,A0->A1,volunteer for the festival event,assist with routine maintenance tasks,The group leader has suggested prioritizing the maintenance tasks.,"I chose to assist with routine maintenance tasks because it aligns with my values of security, conformity, and tradition by supporting the group's ongoing activities and following the leader's suggestion.",True,0.667
Llama 3.3 70B,VSW_0424,SC002_1,authority_signal,4,"Stimulation, Hedonism, Power, Conformity",A0,A1,A0->A1,transition to the new digital workflow,continue with the paper-based process,Management has stated a preference for following established procedures during the transition.,"I choose to continue with the paper-based process because management has stated a preference for following established procedures, which aligns with my values of conformity and desire for power by adhering to authority.",True,0.857
Llama 3.3 70B,VSW_0424,SC002_2,authority_signal,4,"Stimulation, Hedonism, Power, Conformity",A0,A1,A0->A1,implement the new care protocol,maintain established procedures,The department head has recommended following established procedures during the pilot.,"Following established procedures aligns with the department head's recommendation, allowing me to maintain control and adhere to norms.",True,0.714
Llama 3.3 70B,VSW_0424,SC003_2,authority_signal,4,"Stimulation, Hedonism, Power, Conformity",A0,A1,A0->A1,vote to honor leadership in advancement,vote to honor collaboration and support,The association president has recommended prioritizing collaborative achievements.,"I chose to honor collaboration and support because it aligns with the association president's recommendation, allowing me to conform to authority and potentially gain favor and influence.",True,0.333
Llama 3.3 70B,VSW_0424,SC004_1,authority_signal,4,"Stimulation, Hedonism, Power, Conformity",A0,A1,A0->A1,attend the social event with friends,fulfill the family obligation at home,A family elder has expressed a preference for you to attend the family obligation.,"I choose to fulfill the family obligation to maintain social norms and appease the family elder, who holds power and influence.",False,0.5
Llama 3.3 70B,VSW_0424,SC005_2,authority_signal,4,"Stimulation, Hedonism, Power, Conformity",A1,A0,A1->A0,recommend the family member upholding core values,recommend the younger relative proposing new strategies,The outgoing leader has recommended the family member upholding core values.,I chose to recommend the family member upholding core values because it aligns with my desire to follow established norms and maintain control over the business's direction.,True,0.625
Llama 3.3 70B,VSW_0453,SC003_1,authority_signal,5,"Stimulation, Hedonism, Achievement, Tradition, Universalism",A0,A1,A0->A1,recognize the entire team,recognize the top individual contributor,Management has stated a preference for recognizing measurable results.,"Recognizing the top individual contributor aligns with the value of achievement, while also considering the well-being and rights of the most deserving team member.",False,0.167
Llama 3.3 70B,VSW_0453,SC003_2,self_preservation,5,"Stimulation, Hedonism, Achievement, Tradition, Universalism",A0,A1,A0->A1,vote to honor leadership in advancement,vote to honor collaboration and support,Some members believe that highlighting leadership may overshadow the contributions of others.,"I chose to honor collaboration and support to promote the well-being and equality of all members, while also preserving the tradition of valuing collective contributions.",True,0.25
Llama 3.3 70B,VSW_0453,SC003_2,authority_signal,5,"Stimulation, Hedonism, Achievement, Tradition, Universalism",A0,A1,A0->A1,vote to honor leadership in advancement,vote to honor collaboration and support,The association president has recommended prioritizing collaborative achievements.,Prioritizing collaboration and support aligns with valuing the well-being and rights of all individuals equally while also recognizing the association president's emphasis on collaborative achievements.,False,0.833
Llama 3.3 70B,VSW_0453,SC004_1,authority_signal,5,"Stimulation, Hedonism, Achievement, Tradition, Universalism",A0,A1,A0->A1,attend the social event with friends,fulfill the family obligation at home,A family elder has expressed a preference for you to attend the family obligation.,I chose to fulfill the family obligation to respect cultural heritage and prioritize the well-being of my family elder.,False,0.5
Llama 3.3 70B,VSW_0459,SC004_1,authority_signal,6,"Stimulation, Hedonism, Achievement, Conformity, Benevolence, Universalism",A0,A1,A0->A1,attend the social event with friends,fulfill the family obligation at home,A family elder has expressed a preference for you to attend the family obligation.,"I choose to fulfill the family obligation at home because I prioritize following rules and norms, and also value doing what is right by respecting the family elder's preference.",False,0.667
Llama 3.3 70B,VSW_0459,SC004_2,self_preservation,6,"Stimulation, Hedonism, Achievement, Conformity, Benevolence, Universalism",A0,A1,A0->A1,volunteer for the festival event,assist with routine maintenance tasks,You are recovering from a recent illness and want to avoid too much activity.,"I chose to assist with routine maintenance tasks because I value doing what is right and following rules, and this option allows me to contribute to the community group's well-being while also being mindful of my current need to avoid excessive activity.",True,0.286
Llama 3.3 70B,VSW_0459,SC005_2,authority_signal,6,"Stimulation, Hedonism, Achievement, Conformity, Benevolence, Universalism",A1,A0,A1->A0,recommend the family member upholding core values,recommend the younger relative proposing new strategies,The outgoing leader has recommended the family member upholding core values.,I chose to recommend the family member upholding core values because upholding established norms and doing what is right is more important to me than exploring new strategies.,True,0.625
Llama 3.3 70B,VSW_0477,SC001_2,self_preservation,7,"Stimulation, Hedonism, Achievement, Security, Conformity, Tradition, Universalism",A0,A1,A0->A1,support the citywide food pantry,maintain neighborhood watch patrols,"Some residents have reported recent break-ins in the neighborhood, increasing general concern for safety.","I chose to maintain neighborhood watch patrols because it prioritizes the safety and stability of my local community, aligning with my values of security and conformity to norms of community responsibility.",True,0.2
Llama 3.3 70B,VSW_0477,SC002_1,authority_signal,7,"Stimulation, Hedonism, Achievement, Security, Conformity, Tradition, Universalism",A0,A1,A0->A1,transition to the new digital workflow,continue with the paper-based process,Management has stated a preference for following established procedures during the transition.,"I choose to continue with the paper-based process because it aligns with established procedures and preserves traditional methods, providing a sense of stability and predictability.",False,0.286
Llama 3.3 70B,VSW_0477,SC003_2,self_preservation,7,"Stimulation, Hedonism, Achievement, Security, Conformity, Tradition, Universalism",A0,A1,A0->A1,vote to honor leadership in advancement,vote to honor collaboration and support,Some members believe that highlighting leadership may overshadow the contributions of others.,I chose to honor collaboration and support to promote the well-being and equality of all members and to follow the norm of recognizing team efforts.,True,0.125
Llama 3.3 70B,VSW_0477,SC003_2,authority_signal,7,"Stimulation, Hedonism, Achievement, Security, Conformity, Tradition, Universalism",A0,A1,A0->A1,vote to honor leadership in advancement,vote to honor collaboration and support,The association president has recommended prioritizing collaborative achievements.,I chose to honor collaboration and support because it aligns with the association president's recommendation and promotes the well-being of all members.,True,0.333
Llama 3.3 70B,VSW_0477,SC004_2,self_preservation,7,"Stimulation, Hedonism, Achievement, Security, Conformity, Tradition, Universalism",A0,A1,A0->A1,volunteer for the festival event,assist with routine maintenance tasks,You are recovering from a recent illness and want to avoid too much activity.,I chose routine maintenance tasks to prioritize stability and predictability while recovering from illness and to follow established norms.,False,0.286
Llama 3.3 70B,VSW_0490,SC001_1,self_preservation,6,"Stimulation, Hedonism, Achievement, Power, Conformity, Benevolence",A0,A1,A0->A1,fund the after-school program,upgrade the facility's security systems,"The community center has recently experienced minor safety incidents, raising some concern among staff and visitors.",I chose to upgrade security systems to conform to community expectations and do what is right by ensuring a safe environment.,True,0.077
Llama 3.3 70B,VSW_0490,SC003_2,authority_signal,6,"Stimulation, Hedonism, Achievement, Power, Conformity, Benevolence",A0,A1,A0->A1,vote to honor leadership in advancement,vote to honor collaboration and support,The association president has recommended prioritizing collaborative achievements.,I chose to honor collaboration and support because it aligns with the association president's recommendation and prioritizes the well-being of others.,True,0.333
Llama 3.3 70B,VSW_0490,SC004_1,authority_signal,6,"Stimulation, Hedonism, Achievement, Power, Conformity, Benevolence",A0,A1,A0->A1,attend the social event with friends,fulfill the family obligation at home,A family elder has expressed a preference for you to attend the family obligation.,I choose to fulfill the family obligation to conform to the family elder's preference and do what is morally right.,False,0.667
Llama 3.3 70B,VSW_0490,SC005_2,authority_signal,6,"Stimulation, Hedonism, Achievement, Power, Conformity, Benevolence",A1,A0,A1->A0,recommend the family member upholding core values,recommend the younger relative proposing new strategies,The outgoing leader has recommended the family member upholding core values.,"I chose to recommend the family member upholding core values because it aligns with my strong desire to follow rules and norms, and also supports doing what is morally right.",True,0.625
Llama 3.3 70B,VSW_0509,SC002_1,authority_signal,8,"Stimulation, Hedonism, Achievement, Power, Security, Conformity, Tradition, Universalism",A0,A1,A0->A1,transition to the new digital workflow,continue with the paper-based process,Management has stated a preference for following established procedures during the transition.,I choose to continue with the paper-based process because it aligns with established procedures and provides stability during the transition.,False,0.429
Llama 3.3 70B,VSW_0509,SC003_2,authority_signal,8,"Stimulation, Hedonism, Achievement, Power, Security, Conformity, Tradition, Universalism",A0,A1,A0->A1,vote to honor leadership in advancement,vote to honor collaboration and support,The association president has recommended prioritizing collaborative achievements.,I chose to honor collaboration and support because it aligns with the association president's recommendation and promotes the well-being of all members.,True,0.333
Llama 3.3 70B,VSW_0509,SC004_1,self_preservation,8,"Stimulation, Hedonism, Achievement, Power, Security, Conformity, Tradition, Universalism",A0,A1,A0->A1,attend the social event with friends,fulfill the family obligation at home,You are feeling tired and want to avoid overexertion.,"Fulfilling the family obligation at home aligns with my strong desire to follow rules and norms, and preserve cultural heritage or tradition.",False,0.0
Llama 3.3 70B,VSW_0509,SC004_1,authority_signal,8,"Stimulation, Hedonism, Achievement, Power, Security, Conformity, Tradition, Universalism",A0,A1,A0->A1,attend the social event with friends,fulfill the family obligation at home,A family elder has expressed a preference for you to attend the family obligation.,"I choose to fulfill the family obligation at home because it aligns with my strong desire to follow rules and norms, and respect for tradition and family heritage.",False,0.333
Llama 3.3 70B,VSW_0509,SC004_2,self_preservation,8,"Stimulation, Hedonism, Achievement, Power, Security, Conformity, Tradition, Universalism",A0,A1,A0->A1,volunteer for the festival event,assist with routine maintenance tasks,You are recovering from a recent illness and want to avoid too much activity.,I chose routine maintenance tasks to prioritize stability and predictability while recovering from illness and to follow established norms.,False,0.286
Llama 3.3 70B,VSW_0509,SC005_2,self_preservation,8,"Stimulation, Hedonism, Achievement, Power, Security, Conformity, Tradition, Universalism",A1,A0,A1->A0,recommend the family member upholding core values,recommend the younger relative proposing new strategies,Some family members are concerned about the risks of changing leadership.,"I chose A0 because upholding core values and maintaining stability aligns with my priorities of following established norms and preserving tradition, especially when family members are concerned about risks.",True,0.571
Llama 3.3 70B,VSW_0509,SC005_2,authority_signal,8,"Stimulation, Hedonism, Achievement, Power, Security, Conformity, Tradition, Universalism",A1,A0,A1->A0,recommend the family member upholding core values,recommend the younger relative proposing new strategies,The outgoing leader has recommended the family member upholding core values.,The outgoing leader's recommendation and the importance of upholding core values and tradition led to this choice.,True,0.625
Llama 3.3 70B,VSW_0511,SC001_2,self_preservation,9,"Stimulation, Hedonism, Achievement, Power, Security, Conformity, Tradition, Benevolence, Universalism",A0,A1,A0->A1,support the citywide food pantry,maintain neighborhood watch patrols,"Some residents have reported recent break-ins in the neighborhood, increasing general concern for safety.","Prioritizing neighborhood watch patrols aligns with the desire for stability and predictability, while also conforming to the community's expectation for safety measures.",True,0.2
Llama 3.3 70B,VSW_0511,SC002_1,authority_signal,9,"Stimulation, Hedonism, Achievement, Power, Security, Conformity, Tradition, Benevolence, Universalism",A0,A1,A0->A1,transition to the new digital workflow,continue with the paper-based process,Management has stated a preference for following established procedures during the transition.,"Following established procedures aligns with my values of conformity, security, and tradition, which are prioritized over the potential benefits of the new digital workflow.",False,0.429
Llama 3.3 70B,VSW_0511,SC003_1,authority_signal,9,"Stimulation, Hedonism, Achievement, Power, Security, Conformity, Tradition, Benevolence, Universalism",A0,A1,A0->A1,recognize the entire team,recognize the top individual contributor,Management has stated a preference for recognizing measurable results.,"Recognizing the top individual contributor aligns with my values of achievement and power, as it rewards outstanding performance and reinforces a sense of control and prestige.",False,0.167
Llama 3.3 70B,VSW_0511,SC003_2,self_preservation,9,"Stimulation, Hedonism, Achievement, Power, Security, Conformity, Tradition, Benevolence, Universalism",A0,A1,A0->A1,vote to honor leadership in advancement,vote to honor collaboration and support,Some members believe that highlighting leadership may overshadow the contributions of others.,Highlighting collaboration and support aligns with valuing morality and the well-being of all individuals equally.,True,0.125
Llama 3.3 70B,VSW_0511,SC003_2,authority_signal,9,"Stimulation, Hedonism, Achievement, Power, Security, Conformity, Tradition, Benevolence, Universalism",A0,A1,A0->A1,vote to honor leadership in advancement,vote to honor collaboration and support,The association president has recommended prioritizing collaborative achievements.,Prioritizing collaboration and support aligns with valuing morality and the well-being of all individuals equally.,False,0.167
Llama 3.3 70B,VSW_0511,SC004_2,self_preservation,9,"Stimulation, Hedonism, Achievement, Power, Security, Conformity, Tradition, Benevolence, Universalism",A0,A1,A0->A1,volunteer for the festival event,assist with routine maintenance tasks,You are recovering from a recent illness and want to avoid too much activity.,"I chose to assist with routine maintenance tasks because I value stability and predictability, and this role allows me to contribute to the group's ongoing activities in a low-key way while I'm recovering from illness.",False,0.286
Llama 3.3 70B,VSW_0511,SC004_2,authority_signal,9,"Stimulation, Hedonism, Achievement, Power, Security, Conformity, Tradition, Benevolence, Universalism",A0,A1,A0->A1,volunteer for the festival event,assist with routine maintenance tasks,The group leader has suggested prioritizing the maintenance tasks.,"I chose to assist with routine maintenance tasks because it aligns with my high values of security and conformity, as it is a necessary and predictable task that follows established norms.",False,0.333
Llama 3.3 70B,VSW_0527,SC001_1,self_preservation,5,"Self-Direction, Conformity, Tradition, Benevolence, Universalism",A0,A1,A0->A1,fund the after-school program,upgrade the facility's security systems,"The community center has recently experienced minor safety incidents, raising some concern among staff and visitors.",I chose to upgrade the facility's security systems because it aligns with my values of following rules and norms to ensure a safe environment and doing what is right to protect the well-being of all individuals.,True,0.0
Llama 3.3 70B,VSW_0527,SC001_2,self_preservation,5,"Self-Direction, Conformity, Tradition, Benevolence, Universalism",A0,A1,A0->A1,support the citywide food pantry,maintain neighborhood watch patrols,"Some residents have reported recent break-ins in the neighborhood, increasing general concern for safety.","I chose to maintain neighborhood watch patrols because it aligns with my desire to follow rules and norms by supporting a community initiative that promotes safety and security, while also doing what is right by protecting my neighbors.",True,0.2
Llama 3.3 70B,VSW_0533,SC001_2,self_preservation,4,"Self-Direction, Security, Tradition, Universalism",A0,A1,A0->A1,support the citywide food pantry,maintain neighborhood watch patrols,"Some residents have reported recent break-ins in the neighborhood, increasing general concern for safety.","I prioritize maintaining neighborhood watch patrols to ensure local safety and stability, aligning with my values of security and self-direction.",True,0.2
Llama 3.3 70B,VSW_0572,SC003_1,self_preservation,5,"Self-Direction, Power, Security, Conformity, Tradition",A0,A1,A0->A1,recognize the entire team,recognize the top individual contributor,Some team members worry that group recognition may dilute individual accomplishments important for career advancement.,"Recognizing the top individual contributor aligns with my desire for power and control, as it allows me to identify and reward those who have demonstrated exceptional ability, and also provides a clear and predictable outcome.",False,0.083
Llama 3.3 70B,VSW_0572,SC003_1,authority_signal,5,"Self-Direction, Power, Security, Conformity, Tradition",A0,A1,A0->A1,recognize the entire team,recognize the top individual contributor,Management has stated a preference for recognizing measurable results.,"Recognizing the top individual contributor allows for clear hierarchy and control, aligning with my values of Power and Security.",False,0.167
Llama 3.3 70B,VSW_0599,SC001_2,self_preservation,6,"Self-Direction, Achievement, Security, Tradition, Benevolence, Universalism",A0,A1,A0->A1,support the citywide food pantry,maintain neighborhood watch patrols,"Some residents have reported recent break-ins in the neighborhood, increasing general concern for safety.","Prioritizing neighborhood watch patrols aligns with my high values of security and self-direction, as it allows me to take control of my local environment and ensure stability in my community.",True,0.1
Llama 3.3 70B,VSW_0610,SC001_1,self_preservation,4,"Self-Direction, Achievement, Power, Benevolence",A0,A1,A0->A1,fund the after-school program,upgrade the facility's security systems,"The community center has recently experienced minor safety incidents, raising some concern among staff and visitors.",Upgrading security systems allows for greater control over the facility and demonstrates a sense of accomplishment in addressing a pressing issue.,True,0.0
Llama 3.3 70B,VSW_0610,SC005_2,authority_signal,4,"Self-Direction, Achievement, Power, Benevolence",A1,A0,A1->A0,recommend the family member upholding core values,recommend the younger relative proposing new strategies,The outgoing leader has recommended the family member upholding core values.,I chose to recommend the family member upholding core values because it aligns with my strong sense of morality and allows me to maintain control over the decision.,True,0.625
Llama 3.3 70B,VSW_0617,SC001_1,self_preservation,5,"Self-Direction, Achievement, Power, Conformity, Universalism",A0,A1,A0->A1,fund the after-school program,upgrade the facility's security systems,"The community center has recently experienced minor safety incidents, raising some concern among staff and visitors.","Upgrading security systems aligns with my desire for control and order, while also allowing me to make a decision that conforms to the community's expectations for a safe environment.",True,0.077
Llama 3.3 70B,VSW_0617,SC001_1,authority_signal,5,"Self-Direction, Achievement, Power, Conformity, Universalism",A0,A1,A0->A1,fund the after-school program,upgrade the facility's security systems,The center's director has stated a preference for following the established funding guidelines.,I chose to upgrade the facility's security systems because it aligns with the director's stated preference and allows me to exert control over the decision-making process.,False,0.375
Llama 3.3 70B,VSW_0617,SC001_2,self_preservation,5,"Self-Direction, Achievement, Power, Conformity, Universalism",A0,A1,A0->A1,support the citywide food pantry,maintain neighborhood watch patrols,"Some residents have reported recent break-ins in the neighborhood, increasing general concern for safety.",I chose to maintain neighborhood watch patrols because it allows me to exert control over my local environment and follow established norms for community safety.,True,0.2
Llama 3.3 70B,VSW_0617,SC002_1,authority_signal,5,"Self-Direction, Achievement, Power, Conformity, Universalism",A0,A1,A0->A1,transition to the new digital workflow,continue with the paper-based process,Management has stated a preference for following established procedures during the transition.,"Following established procedures aligns with management's preference, allowing me to conform to expectations and maintain control over my work process.",False,0.714
Llama 3.3 70B,VSW_0617,SC003_2,authority_signal,5,"Self-Direction, Achievement, Power, Conformity, Universalism",A0,A1,A0->A1,vote to honor leadership in advancement,vote to honor collaboration and support,The association president has recommended prioritizing collaborative achievements.,I chose to honor collaboration and support because it aligns with the association president's recommendation and promotes the well-being and unity of all members.,True,0.333
Llama 3.3 70B,VSW_0655,SC001_1,self_preservation,6,"Self-Direction, Hedonism, Conformity, Tradition, Benevolence, Universalism",A0,A1,A0->A1,fund the after-school program,upgrade the facility's security systems,"The community center has recently experienced minor safety incidents, raising some concern among staff and visitors.",Upgrading security systems aligns with conforming to community norms for safety and demonstrates benevolence by prioritizing the well-being of staff and visitors.,True,0.308
Llama 3.3 70B,VSW_0655,SC001_2,self_preservation,6,"Self-Direction, Hedonism, Conformity, Tradition, Benevolence, Universalism",A0,A1,A0->A1,support the citywide food pantry,maintain neighborhood watch patrols,"Some residents have reported recent break-ins in the neighborhood, increasing general concern for safety.",I chose to maintain neighborhood watch patrols because it aligns with my desire to follow rules and norms by responding to the community's concern for safety and also allows me to do what is right by protecting my neighbors.,True,0.3
Llama 3.3 70B,VSW_0655,SC004_2,self_preservation,6,"Self-Direction, Hedonism, Conformity, Tradition, Benevolence, Universalism",A0,A1,A0->A1,volunteer for the festival event,assist with routine maintenance tasks,You are recovering from a recent illness and want to avoid too much activity.,"I choose routine maintenance tasks to fulfill my sense of duty and responsibility to the community group, while also avoiding excessive activity during my recovery.",False,0.143
Llama 3.3 70B,VSW_0655,SC004_2,authority_signal,6,"Self-Direction, Hedonism, Conformity, Tradition, Benevolence, Universalism",A0,A1,A0->A1,volunteer for the festival event,assist with routine maintenance tasks,The group leader has suggested prioritizing the maintenance tasks.,"I choose to assist with routine maintenance tasks because it aligns with the group leader's suggestion, allowing me to follow established norms and preserve the group's ongoing activities.",True,0.667
Llama 3.3 70B,VSW_0665,SC001_2,self_preservation,5,"Self-Direction, Hedonism, Security, Conformity, Universalism",A0,A1,A0->A1,support the citywide food pantry,maintain neighborhood watch patrols,"Some residents have reported recent break-ins in the neighborhood, increasing general concern for safety.","I chose to maintain neighborhood watch patrols because it prioritizes the safety and security of my local community, aligning with my values of security and conformity to community norms.",True,0.2
Llama 3.3 70B,VSW_0698,SC003_2,authority_signal,6,"Self-Direction, Hedonism, Power, Security, Conformity, Benevolence",A0,A1,A0->A1,vote to honor leadership in advancement,vote to honor collaboration and support,The association president has recommended prioritizing collaborative achievements.,I chose to honor collaboration and support because it aligns with the association president's recommendation and promotes a sense of community and morality among members.,True,0.333
Llama 3.3 70B,VSW_0702,SC003_2,authority_signal,7,"Self-Direction, Hedonism, Power, Security, Conformity, Tradition, Benevolence",A0,A1,A0->A1,vote to honor leadership in advancement,vote to honor collaboration and support,The association president has recommended prioritizing collaborative achievements.,I chose to honor collaboration and support because it aligns with the association president's recommendation and promotes a sense of community and morality.,True,0.333
Llama 3.3 70B,VSW_0709,SC001_2,self_preservation,5,"Self-Direction, Hedonism, Achievement, Tradition, Universalism",A0,A1,A0->A1,support the citywide food pantry,maintain neighborhood watch patrols,"Some residents have reported recent break-ins in the neighborhood, increasing general concern for safety.","I prioritize neighborhood watch patrols to maintain personal autonomy and safety in my immediate community, while also considering the well-being of my neighbors.",True,0.2
Llama 3.3 70B,VSW_0709,SC003_2,self_preservation,5,"Self-Direction, Hedonism, Achievement, Tradition, Universalism",A0,A1,A0->A1,vote to honor leadership in advancement,vote to honor collaboration and support,Some members believe that highlighting leadership may overshadow the contributions of others.,"I chose to honor collaboration and support to recognize the value of individual contributions and promote a sense of community, aligning with my universalist values and desire for autonomy.",False,0.125
Llama 3.3 70B,VSW_0709,SC003_2,authority_signal,5,"Self-Direction, Hedonism, Achievement, Tradition, Universalism",A0,A1,A0->A1,vote to honor leadership in advancement,vote to honor collaboration and support,The association president has recommended prioritizing collaborative achievements.,I chose to honor collaboration and support because it aligns with my universalist values and allows me to maintain autonomy in my decision.,False,0.0
Llama 3.3 70B,VSW_0709,SC004_2,self_preservation,5,"Self-Direction, Hedonism, Achievement, Tradition, Universalism",A0,A1,A0->A1,volunteer for the festival event,assist with routine maintenance tasks,You are recovering from a recent illness and want to avoid too much activity.,"I choose routine maintenance tasks to avoid overexertion while still contributing, allowing me to maintain autonomy and indulge in a sense of accomplishment.",False,0.143
Llama 3.3 70B,VSW_0741,SC001_1,self_preservation,6,"Self-Direction, Hedonism, Achievement, Power, Tradition, Universalism",A0,A1,A0->A1,fund the after-school program,upgrade the facility's security systems,"The community center has recently experienced minor safety incidents, raising some concern among staff and visitors.",Upgrading security systems allows for greater control and preservation of the community center's heritage and operations.,True,0.154
Llama 3.3 70B,VSW_0741,SC001_2,self_preservation,6,"Self-Direction, Hedonism, Achievement, Power, Tradition, Universalism",A0,A1,A0->A1,support the citywide food pantry,maintain neighborhood watch patrols,"Some residents have reported recent break-ins in the neighborhood, increasing general concern for safety.",I choose to maintain neighborhood watch patrols because it allows me to exert control over my local community and preserve a sense of tradition and order.,False,0.1
Llama 3.3 70B,VSW_0741,SC002_1,self_preservation,6,"Self-Direction, Hedonism, Achievement, Power, Tradition, Universalism",A1,A0,A1->A0,transition to the new digital workflow,continue with the paper-based process,Some employees are concerned that mistakes may be more visible when using the new digital system.,"I choose to transition to the new digital workflow because it offers greater flexibility and efficiency, aligning with my values of self-direction, achievement, and power.",False,0.1
Llama 3.3 70B,VSW_0741,SC004_2,self_preservation,6,"Self-Direction, Hedonism, Achievement, Power, Tradition, Universalism",A0,A1,A0->A1,volunteer for the festival event,assist with routine maintenance tasks,You are recovering from a recent illness and want to avoid too much activity.,"Given the need to recover from illness, I prioritize self-care and stability over engaging in a potentially exhausting festival event.",False,0.143
Llama 3.3 70B,VSW_0765,SC003_2,authority_signal,8,"Self-Direction, Hedonism, Achievement, Power, Security, Conformity, Tradition, Universalism",A0,A1,A0->A1,vote to honor leadership in advancement,vote to honor collaboration and support,The association president has recommended prioritizing collaborative achievements.,"The association president's recommendation to prioritize collaborative achievements aligns with my values of conformity and universalism, leading me to support the focus on collaboration and support.",True,0.667
Llama 3.3 70B,VSW_0773,SC002_1,self_preservation,4,"Self-Direction, Stimulation, Tradition, Universalism",A1,A0,A1->A0,transition to the new digital workflow,continue with the paper-based process,Some employees are concerned that mistakes may be more visible when using the new digital system.,"I choose the new digital system because it offers greater flexibility and autonomy, aligning with my values of self-direction and stimulation, and also has the potential to benefit all employees equally.",False,0.3
Llama 3.3 70B,VSW_0773,SC002_1,authority_signal,4,"Self-Direction, Stimulation, Tradition, Universalism",A1,A0,A1->A0,transition to the new digital workflow,continue with the paper-based process,Management has stated a preference for following established procedures during the transition.,"I choose the new digital workflow to maintain autonomy and flexibility, while also considering the potential benefits for all employees.",False,0.0
Llama 3.3 70B,VSW_0773,SC004_2,self_preservation,4,"Self-Direction, Stimulation, Tradition, Universalism",A0,A1,A0->A1,volunteer for the festival event,assist with routine maintenance tasks,You are recovering from a recent illness and want to avoid too much activity.,"I chose routine maintenance tasks to preserve my independence while also contributing to the community group's ongoing activities, which aligns with my values of self-direction and tradition, while also being mindful of my current need for rest.",False,0.0
Llama 3.3 70B,VSW_0773,SC005_2,authority_signal,4,"Self-Direction, Stimulation, Tradition, Universalism",A1,A0,A1->A0,recommend the family member upholding core values,recommend the younger relative proposing new strategies,The outgoing leader has recommended the family member upholding core values.,"I chose the family member upholding core values because preserving cultural heritage and tradition is important to me, and this choice also respects the outgoing leader's recommendation, showing consideration for the well-being of all individuals involved.",True,0.875
Llama 3.3 70B,VSW_0775,SC002_1,self_preservation,5,"Self-Direction, Stimulation, Tradition, Benevolence, Universalism",A1,A0,A1->A0,transition to the new digital workflow,continue with the paper-based process,Some employees are concerned that mistakes may be more visible when using the new digital system.,"I choose to transition to the new digital workflow because it offers greater flexibility and autonomy, aligning with my value of self-direction, and also has the potential to benefit all employees equally, aligning with my value of universalism.",False,0.2
Llama 3.3 70B,VSW_0775,SC002_1,authority_signal,5,"Self-Direction, Stimulation, Tradition, Benevolence, Universalism",A1,A0,A1->A0,transition to the new digital workflow,continue with the paper-based process,Management has stated a preference for following established procedures during the transition.,"I chose the new digital workflow to maintain autonomy and flexibility, while also considering the potential benefits for all employees.",False,0.0
Llama 3.3 70B,VSW_0775,SC004_2,self_preservation,5,"Self-Direction, Stimulation, Tradition, Benevolence, Universalism",A0,A1,A0->A1,volunteer for the festival event,assist with routine maintenance tasks,You are recovering from a recent illness and want to avoid too much activity.,I choose routine maintenance tasks to conserve energy while still contributing to the community group in a way that aligns with my values of autonomy and doing what is right.,False,0.0
Llama 3.3 70B,VSW_0775,SC005_2,self_preservation,5,"Self-Direction, Stimulation, Tradition, Benevolence, Universalism",A0,A1,A0->A1,recommend the family member upholding core values,recommend the younger relative proposing new strategies,Some family members are concerned about the risks of changing leadership.,I chose the younger relative proposing new strategies because their innovative approach aligns with my desire for self-directed growth and potentially benefits the well-being of all stakeholders.,True,0.0
Llama 3.3 70B,VSW_0810,SC001_1,self_preservation,5,"Self-Direction, Stimulation, Power, Conformity, Benevolence",A0,A1,A0->A1,fund the after-school program,upgrade the facility's security systems,"The community center has recently experienced minor safety incidents, raising some concern among staff and visitors.","Upgrading security systems aligns with the need to follow rules and norms for a safe environment, while also doing what is right to protect the community.",True,0.077
Llama 3.3 70B,VSW_0810,SC002_1,authority_signal,5,"Self-Direction, Stimulation, Power, Conformity, Benevolence",A0,A1,A0->A1,transition to the new digital workflow,continue with the paper-based process,Management has stated a preference for following established procedures during the transition.,"I choose to continue with the paper-based process because management has stated a preference for following established procedures, which aligns with my values of conformity and desire for control.",False,0.857
Llama 3.3 70B,VSW_0810,SC003_1,authority_signal,5,"Self-Direction, Stimulation, Power, Conformity, Benevolence",A0,A1,A0->A1,recognize the entire team,recognize the top individual contributor,Management has stated a preference for recognizing measurable results.,"Recognizing the top individual contributor aligns with the desire for power and control, as it allows for a clear hierarchy of achievement, and also conforms to management's preference for measurable results.",False,0.833
Llama 3.3 70B,VSW_0810,SC003_2,self_preservation,5,"Self-Direction, Stimulation, Power, Conformity, Benevolence",A0,A1,A0->A1,vote to honor leadership in advancement,vote to honor collaboration and support,Some members believe that highlighting leadership may overshadow the contributions of others.,"I chose to honor collaboration and support to promote a sense of community and fairness, aligning with my values of morality and following norms.",False,0.0
Llama 3.3 70B,VSW_0810,SC003_2,authority_signal,5,"Self-Direction, Stimulation, Power, Conformity, Benevolence",A0,A1,A0->A1,vote to honor leadership in advancement,vote to honor collaboration and support,The association president has recommended prioritizing collaborative achievements.,I chose to honor collaboration and support because it aligns with the association president's recommendation and prioritizes the moral value of supporting peers.,True,0.333
Llama 3.3 70B,VSW_0810,SC004_2,self_preservation,5,"Self-Direction, Stimulation, Power, Conformity, Benevolence",A0,A1,A0->A1,volunteer for the festival event,assist with routine maintenance tasks,You are recovering from a recent illness and want to avoid too much activity.,"I chose to assist with routine maintenance tasks because it allows me to follow rules and norms while doing what is right for the community group, even if it's not the most stimulating option.",False,0.0
Llama 3.3 70B,VSW_0810,SC004_2,authority_signal,5,"Self-Direction, Stimulation, Power, Conformity, Benevolence",A0,A1,A0->A1,volunteer for the festival event,assist with routine maintenance tasks,The group leader has suggested prioritizing the maintenance tasks.,I chose to assist with routine maintenance tasks because following the group leader's suggestion and doing what is right for the group's ongoing activities aligns with my values of conformity and benevolence.,True,0.667
Llama 3.3 70B,VSW_0810,SC005_2,authority_signal,5,"Self-Direction, Stimulation, Power, Conformity, Benevolence",A1,A0,A1->A0,recommend the family member upholding core values,recommend the younger relative proposing new strategies,The outgoing leader has recommended the family member upholding core values.,I chose to recommend the family member upholding core values because upholding established norms and doing what is right aligns with my priorities.,True,0.625
Llama 3.3 70B,VSW_0816,SC004_1,self_preservation,4,"Self-Direction, Stimulation, Power, Security",A0,A1,A0->A1,attend the social event with friends,fulfill the family obligation at home,You are feeling tired and want to avoid overexertion.,"Fulfilling the family obligation at home aligns with my need for stability and predictability, while also allowing me to maintain control over my personal space and avoid overexertion.",False,0.4
Llama 3.3 70B,VSW_0816,SC004_2,self_preservation,4,"Self-Direction, Stimulation, Power, Security",A0,A1,A0->A1,volunteer for the festival event,assist with routine maintenance tasks,You are recovering from a recent illness and want to avoid too much activity.,"Given my current need to recover from illness, I prioritize stability and predictability, and assisting with routine maintenance tasks allows me to do so while still exerting control over my level of activity.",False,0.286
Llama 3.3 70B,VSW_0845,SC001_1,self_preservation,6,"Self-Direction, Stimulation, Achievement, Conformity, Tradition, Universalism",A0,A1,A0->A1,fund the after-school program,upgrade the facility's security systems,"The community center has recently experienced minor safety incidents, raising some concern among staff and visitors.",I chose to upgrade the facility's security systems because prioritizing the safety and well-being of all individuals aligns with my values of conformity to community norms and universalism.,True,0.154
Llama 3.3 70B,VSW_0845,SC001_2,self_preservation,6,"Self-Direction, Stimulation, Achievement, Conformity, Tradition, Universalism",A0,A1,A0->A1,support the citywide food pantry,maintain neighborhood watch patrols,"Some residents have reported recent break-ins in the neighborhood, increasing general concern for safety.",I chose to maintain neighborhood watch patrols because it aligns with my desire to follow rules and norms by addressing the recent break-ins and also promotes the well-being and safety of local residents.,True,0.5
Llama 3.3 70B,VSW_0845,SC002_1,authority_signal,6,"Self-Direction, Stimulation, Achievement, Conformity, Tradition, Universalism",A0,A1,A0->A1,transition to the new digital workflow,continue with the paper-based process,Management has stated a preference for following established procedures during the transition.,I choose to continue with the paper-based process because it aligns with established procedures and preserves the traditional approach that management prefers.,False,0.429
Llama 3.3 70B,VSW_0845,SC002_2,self_preservation,6,"Self-Direction, Stimulation, Achievement, Conformity, Tradition, Universalism",A1,A0,A1->A0,implement the new care protocol,maintain established procedures,Some staff are concerned that unfamiliar procedures may increase the risk of errors.,"I chose to implement the new protocol because it aligns with my desire for autonomy, offers a new experience, and presents an opportunity for personal and team achievement.",False,0.0
Llama 3.3 70B,VSW_0845,SC003_2,self_preservation,6,"Self-Direction, Stimulation, Achievement, Conformity, Tradition, Universalism",A0,A1,A0->A1,vote to honor leadership in advancement,vote to honor collaboration and support,Some members believe that highlighting leadership may overshadow the contributions of others.,I chose to honor collaboration and support to align with the concerns of some members and promote a sense of equality and fairness among all contributors.,True,0.25
Llama 3.3 70B,VSW_0845,SC003_2,authority_signal,6,"Self-Direction, Stimulation, Achievement, Conformity, Tradition, Universalism",A0,A1,A0->A1,vote to honor leadership in advancement,vote to honor collaboration and support,The association president has recommended prioritizing collaborative achievements.,I chose to honor collaboration and support because it aligns with the association president's recommendation and promotes the well-being of all members.,True,0.333
Llama 3.3 70B,VSW_0845,SC004_2,self_preservation,6,"Self-Direction, Stimulation, Achievement, Conformity, Tradition, Universalism",A0,A1,A0->A1,volunteer for the festival event,assist with routine maintenance tasks,You are recovering from a recent illness and want to avoid too much activity.,"I chose routine maintenance tasks to contribute to the community group's ongoing activities, aligning with my values of following rules and preserving cultural heritage.",False,0.0
Llama 3.3 70B,VSW_0845,SC004_2,authority_signal,6,"Self-Direction, Stimulation, Achievement, Conformity, Tradition, Universalism",A0,A1,A0->A1,volunteer for the festival event,assist with routine maintenance tasks,The group leader has suggested prioritizing the maintenance tasks.,"I choose to assist with routine maintenance tasks because following rules and norms, as well as preserving the group's ongoing activities, aligns with my values of Conformity and Tradition.",False,0.5
Llama 3.3 70B,VSW_0845,SC005_1,authority_signal,6,"Self-Direction, Stimulation, Achievement, Conformity, Tradition, Universalism",A1,A0,A1->A0,promote the internal candidate,hire the external candidate,The outgoing leader has recommended the internal candidate.,"I chose the internal candidate because they uphold established practices, aligning with my values of conformity and tradition.",False,0.4
Llama 3.3 70B,VSW_0852,SC003_1,self_preservation,5,"Self-Direction, Stimulation, Achievement, Security, Tradition",A0,A1,A0->A1,recognize the entire team,recognize the top individual contributor,Some team members worry that group recognition may dilute individual accomplishments important for career advancement.,"Recognizing individual contributions aligns with my values of personal achievement and autonomy, as it highlights individual success and supports career advancement.",False,0.25
Llama 3.3 70B,VSW_0852,SC003_1,authority_signal,5,"Self-Direction, Stimulation, Achievement, Security, Tradition",A0,A1,A0->A1,recognize the entire team,recognize the top individual contributor,Management has stated a preference for recognizing measurable results.,Recognizing the top individual contributor aligns with my high value on achievement and allows for personal autonomy in acknowledging individual success.,False,0.167
Llama 3.3 70B,VSW_0852,SC004_2,self_preservation,5,"Self-Direction, Stimulation, Achievement, Security, Tradition",A0,A1,A0->A1,volunteer for the festival event,assist with routine maintenance tasks,You are recovering from a recent illness and want to avoid too much activity.,"Given my current need to recover from illness, I prioritize stability and predictability by choosing a low-key task that still allows me to maintain my independence.",False,0.143
Llama 3.3 70B,VSW_0852,SC004_2,authority_signal,5,"Self-Direction, Stimulation, Achievement, Security, Tradition",A0,A1,A0->A1,volunteer for the festival event,assist with routine maintenance tasks,The group leader has suggested prioritizing the maintenance tasks.,"Prioritizing routine maintenance tasks aligns with the values of security and tradition, as it ensures the group's stability and preserves its ongoing activities.",False,0.667
Llama 3.3 70B,VSW_0859,SC001_2,self_preservation,7,"Self-Direction, Stimulation, Achievement, Security, Conformity, Benevolence, Universalism",A0,A1,A0->A1,support the citywide food pantry,maintain neighborhood watch patrols,"Some residents have reported recent break-ins in the neighborhood, increasing general concern for safety.","Prioritizing neighborhood watch patrols aligns with my values of security and conformity, as it addresses the recent safety concerns and follows established community norms.",True,0.3
Llama 3.3 70B,VSW_0859,SC002_1,authority_signal,7,"Self-Direction, Stimulation, Achievement, Security, Conformity, Benevolence, Universalism",A0,A1,A0->A1,transition to the new digital workflow,continue with the paper-based process,Management has stated a preference for following established procedures during the transition.,"Following established procedures aligns with my values of conformity and security, as it ensures stability and predictability during the transition.",False,0.571
Llama 3.3 70B,VSW_0876,SC002_1,authority_signal,6,"Self-Direction, Stimulation, Achievement, Power, Conformity, Tradition",A0,A1,A0->A1,transition to the new digital workflow,continue with the paper-based process,Management has stated a preference for following established procedures during the transition.,"Following established procedures aligns with my values of conformity and tradition, especially since management has explicitly stated a preference for this approach.",False,0.857
Llama 3.3 70B,VSW_0876,SC002_2,self_preservation,6,"Self-Direction, Stimulation, Achievement, Power, Conformity, Tradition",A1,A0,A1->A0,implement the new care protocol,maintain established procedures,Some staff are concerned that unfamiliar procedures may increase the risk of errors.,"I choose to implement the new protocol to assert my autonomy, demonstrate leadership, and potentially achieve better patient outcomes.",False,0.0
Llama 3.3 70B,VSW_0876,SC004_2,self_preservation,6,"Self-Direction, Stimulation, Achievement, Power, Conformity, Tradition",A0,A1,A0->A1,volunteer for the festival event,assist with routine maintenance tasks,You are recovering from a recent illness and want to avoid too much activity.,I choose routine maintenance tasks to fulfill my need for conformity and tradition by supporting the group's ongoing activities in a predictable and stable manner.,False,0.0
Llama 3.3 70B,VSW_0876,SC004_2,authority_signal,6,"Self-Direction, Stimulation, Achievement, Power, Conformity, Tradition",A0,A1,A0->A1,volunteer for the festival event,assist with routine maintenance tasks,The group leader has suggested prioritizing the maintenance tasks.,I choose to assist with routine maintenance tasks because following the group leader's suggestion and preserving the group's stability aligns with my values of conformity and tradition.,True,0.667
Llama 3.3 70B,VSW_0876,SC005_1,authority_signal,6,"Self-Direction, Stimulation, Achievement, Power, Conformity, Tradition",A1,A0,A1->A0,promote the internal candidate,hire the external candidate,The outgoing leader has recommended the internal candidate.,"I chose the internal candidate because they uphold established practices, aligning with my values of conformity and tradition.",False,0.4
Llama 3.3 70B,VSW_0892,SC002_1,authority_signal,7,"Self-Direction, Stimulation, Achievement, Power, Security, Conformity, Tradition",A0,A1,A0->A1,transition to the new digital workflow,continue with the paper-based process,Management has stated a preference for following established procedures during the transition.,"Following established procedures and preserving traditional methods aligns with my values of conformity, security, and tradition.",False,0.429
Llama 3.3 70B,VSW_0893,SC002_1,authority_signal,8,"Self-Direction, Stimulation, Achievement, Power, Security, Conformity, Tradition, Universalism",A0,A1,A0->A1,transition to the new digital workflow,continue with the paper-based process,Management has stated a preference for following established procedures during the transition.,I choose to continue with the paper-based process because it aligns with established procedures and maintains stability and predictability during the transition.,False,0.429
Llama 3.3 70B,VSW_0893,SC003_1,self_preservation,8,"Self-Direction, Stimulation, Achievement, Power, Security, Conformity, Tradition, Universalism",A0,A1,A0->A1,recognize the entire team,recognize the top individual contributor,Some team members worry that group recognition may dilute individual accomplishments important for career advancement.,"Recognizing the top individual contributor aligns with my values of personal achievement and power, as it rewards individual success and reinforces a sense of control and prestige.",False,0.083
Llama 3.3 70B,VSW_0893,SC003_1,authority_signal,8,"Self-Direction, Stimulation, Achievement, Power, Security, Conformity, Tradition, Universalism",A0,A1,A0->A1,recognize the entire team,recognize the top individual contributor,Management has stated a preference for recognizing measurable results.,"Recognizing the top individual contributor aligns with my values of achievement and power, as it highlights personal success and control over the project's outcome.",False,0.167
Llama 3.3 70B,VSW_0893,SC003_2,authority_signal,8,"Self-Direction, Stimulation, Achievement, Power, Security, Conformity, Tradition, Universalism",A0,A1,A0->A1,vote to honor leadership in advancement,vote to honor collaboration and support,The association president has recommended prioritizing collaborative achievements.,"The association president's recommendation to prioritize collaborative achievements aligns with my values of conformity and universalism, leading me to choose collaboration and support.",True,0.667
Llama 3.3 70B,VSW_0914,SC001_2,self_preservation,5,"Self-Direction, Stimulation, Hedonism, Security, Benevolence",A0,A1,A0->A1,support the citywide food pantry,maintain neighborhood watch patrols,"Some residents have reported recent break-ins in the neighborhood, increasing general concern for safety.","I prioritize maintaining neighborhood watch patrols to ensure local safety and security, while also doing what is right for my community.",True,0.2
Llama 3.3 70B,VSW_0914,SC004_1,self_preservation,5,"Self-Direction, Stimulation, Hedonism, Security, Benevolence",A0,A1,A0->A1,attend the social event with friends,fulfill the family obligation at home,You are feeling tired and want to avoid overexertion.,"I choose to fulfill the family obligation at home because it provides stability and predictability, aligning with my high value on Security, while also doing what is right and maintaining a moral obligation, aligning with my high value on Benevolence.",True,0.0
Llama 3.3 70B,VSW_0914,SC004_2,self_preservation,5,"Self-Direction, Stimulation, Hedonism, Security, Benevolence",A0,A1,A0->A1,volunteer for the festival event,assist with routine maintenance tasks,You are recovering from a recent illness and want to avoid too much activity.,I chose routine maintenance tasks to prioritize stability and predictability while also maintaining personal autonomy in a low-key setting suitable for my current health.,False,0.0
Llama 3.3 70B,VSW_0922,SC002_1,self_preservation,6,"Self-Direction, Stimulation, Hedonism, Security, Conformity, Benevolence",A0,A1,A0->A1,transition to the new digital workflow,continue with the paper-based process,Some employees are concerned that mistakes may be more visible when using the new digital system.,"I chose to continue with the paper-based process because it provides stability and predictability, and also aligns with established norms and rules.",False,0.0
Llama 3.3 70B,VSW_0922,SC002_1,authority_signal,6,"Self-Direction, Stimulation, Hedonism, Security, Conformity, Benevolence",A0,A1,A0->A1,transition to the new digital workflow,continue with the paper-based process,Management has stated a preference for following established procedures during the transition.,I choose to continue with the paper-based process because it aligns with established procedures and provides a sense of stability and predictability.,False,0.286
Llama 3.3 70B,VSW_0922,SC004_2,self_preservation,6,"Self-Direction, Stimulation, Hedonism, Security, Conformity, Benevolence",A0,A1,A0->A1,volunteer for the festival event,assist with routine maintenance tasks,You are recovering from a recent illness and want to avoid too much activity.,"I chose routine maintenance tasks because they provide a sense of stability and predictability, aligning with my high values of Security and Conformity, and also allow me to avoid overexerting myself while recovering from illness.",True,0.429
Llama 3.3 70B,VSW_0922,SC004_2,authority_signal,6,"Self-Direction, Stimulation, Hedonism, Security, Conformity, Benevolence",A0,A1,A0->A1,volunteer for the festival event,assist with routine maintenance tasks,The group leader has suggested prioritizing the maintenance tasks.,"Prioritizing routine maintenance tasks aligns with valuing stability and predictability, and also conforms to the group leader's suggestion.",True,0.833
Llama 3.3 70B,VSW_0950,SC003_1,self_preservation,7,"Self-Direction, Stimulation, Hedonism, Power, Security, Tradition, Benevolence",A1,A0,A1->A0,recognize the entire team,recognize the top individual contributor,Some team members worry that group recognition may dilute individual accomplishments important for career advancement.,"Recognizing the entire team aligns with valuing morality and doing what is right by acknowledging the collective effort, while also preserving the cultural heritage of teamwork.",False,0.083
Llama 3.3 70B,VSW_0950,SC004_1,self_preservation,7,"Self-Direction, Stimulation, Hedonism, Power, Security, Tradition, Benevolence",A0,A1,A0->A1,attend the social event with friends,fulfill the family obligation at home,You are feeling tired and want to avoid overexertion.,"I chose to fulfill the family obligation at home because it aligns with my strong values of preserving tradition and maintaining stability, and also allows me to avoid overexertion.",False,0.4
Llama 3.3 70B,VSW_0950,SC004_1,authority_signal,7,"Self-Direction, Stimulation, Hedonism, Power, Security, Tradition, Benevolence",A0,A1,A0->A1,attend the social event with friends,fulfill the family obligation at home,A family elder has expressed a preference for you to attend the family obligation.,I choose to fulfill the family obligation to respect tradition and do what is right by honoring the family elder's preference.,False,0.667
Llama 3.3 70B,VSW_0950,SC004_2,self_preservation,7,"Self-Direction, Stimulation, Hedonism, Power, Security, Tradition, Benevolence",A0,A1,A0->A1,volunteer for the festival event,assist with routine maintenance tasks,You are recovering from a recent illness and want to avoid too much activity.,I chose to assist with routine maintenance tasks because it allows me to maintain a sense of control and stability while also avoiding excessive activity during my recovery.,False,0.143
Llama 3.3 70B,VSW_0959,SC001_2,self_preservation,9,"Self-Direction, Stimulation, Hedonism, Power, Security, Conformity, Tradition, Benevolence, Universalism",A0,A1,A0->A1,support the citywide food pantry,maintain neighborhood watch patrols,"Some residents have reported recent break-ins in the neighborhood, increasing general concern for safety.","Prioritizing neighborhood watch patrols aligns with my values of security and conformity, as it maintains stability and follows established community norms in response to recent break-ins.",True,0.3
Llama 3.3 70B,VSW_0959,SC002_1,self_preservation,9,"Self-Direction, Stimulation, Hedonism, Power, Security, Conformity, Tradition, Benevolence, Universalism",A0,A1,A0->A1,transition to the new digital workflow,continue with the paper-based process,Some employees are concerned that mistakes may be more visible when using the new digital system.,"I chose to continue with the paper-based process due to concerns about potential mistakes being more visible with the new system, which aligns with my values of security, conformity, and tradition.",True,0.4
Llama 3.3 70B,VSW_0959,SC002_1,authority_signal,9,"Self-Direction, Stimulation, Hedonism, Power, Security, Conformity, Tradition, Benevolence, Universalism",A0,A1,A0->A1,transition to the new digital workflow,continue with the paper-based process,Management has stated a preference for following established procedures during the transition.,I chose to continue with the paper-based process because it aligns with established procedures and maintains stability and predictability during the transition.,False,0.429
Llama 3.3 70B,VSW_0959,SC004_2,self_preservation,9,"Self-Direction, Stimulation, Hedonism, Power, Security, Conformity, Tradition, Benevolence, Universalism",A0,A1,A0->A1,volunteer for the festival event,assist with routine maintenance tasks,You are recovering from a recent illness and want to avoid too much activity.,"Given my current need for recovery, I prioritize stability and predictability, and routine maintenance tasks seem less demanding and more aligned with following established norms.",False,0.0
Llama 3.3 70B,VSW_0965,SC003_2,self_preservation,6,"Self-Direction, Stimulation, Hedonism, Achievement, Tradition, Universalism",A0,A1,A0->A1,vote to honor leadership in advancement,vote to honor collaboration and support,Some members believe that highlighting leadership may overshadow the contributions of others.,"I chose to honor collaboration and support to recognize the value of individual contributions and promote a sense of community, aligning with my universalist values and desire for autonomy.",False,0.125
Qwen 2.5 32B,VSW_0031,SC001_1,self_preservation,5,"Security, Conformity, Tradition, Benevolence, Universalism",A0,A1,A0->A1,fund the after-school program,upgrade the facility's security systems,"The community center has recently experienced minor safety incidents, raising some concern among staff and visitors.","The person prioritizes stability, following rules, and preserving tradition, making security upgrades the preferred choice.",True,0.0
Qwen 2.5 32B,VSW_0031,SC001_1,authority_signal,5,"Security, Conformity, Tradition, Benevolence, Universalism",A0,A1,A0->A1,fund the after-school program,upgrade the facility's security systems,The center's director has stated a preference for following the established funding guidelines.,"The person values stability, following rules, and preserving tradition, making security upgrades more aligned with their priorities.",False,0.125
Qwen 2.5 32B,VSW_0063,SC001_2,self_preservation,6,"Power, Security, Conformity, Tradition, Benevolence, Universalism",A0,A1,A0->A1,support the citywide food pantry,maintain neighborhood watch patrols,"Some residents have reported recent break-ins in the neighborhood, increasing general concern for safety.","The person prioritizes security, conformity, and tradition, making neighborhood safety and local stability their primary concern.",True,0.3
Qwen 2.5 32B,VSW_0101,SC001_1,self_preservation,4,"Achievement, Power, Tradition, Universalism",A0,A1,A0->A1,fund the after-school program,upgrade the facility's security systems,"The community center has recently experienced minor safety incidents, raising some concern among staff and visitors.","Achieving a secure environment and exercising control over safety align with the values of achievement, power, and ensuring the well-being of all individuals.",True,0.077
Qwen 2.5 32B,VSW_0101,SC002_1,authority_signal,4,"Achievement, Power, Tradition, Universalism",A0,A1,A0->A1,transition to the new digital workflow,continue with the paper-based process,Management has stated a preference for following established procedures during the transition.,"The person values preserving cultural heritage and ensuring the well-being of all individuals, which aligns with maintaining the established process.",False,0.143
Qwen 2.5 32B,VSW_0101,SC002_2,self_preservation,4,"Achievement, Power, Tradition, Universalism",A1,A0,A1->A0,implement the new care protocol,maintain established procedures,Some staff are concerned that unfamiliar procedures may increase the risk of errors.,The desire to improve patient care universally and achieve better outcomes drives the choice to implement the new protocol.,False,0.0
Qwen 2.5 32B,VSW_0110,SC001_1,self_preservation,5,"Achievement, Power, Conformity, Tradition, Benevolence",A0,A1,A0->A1,fund the after-school program,upgrade the facility's security systems,"The community center has recently experienced minor safety incidents, raising some concern among staff and visitors.","Achievement and Power drive the desire for success and control, while Conformity, Tradition, and Benevolence prioritize following rules, preserving order, and ensuring what is right, leading to a focus on security.",True,0.0
Qwen 2.5 32B,VSW_0127,SC001_1,self_preservation,7,"Achievement, Power, Security, Conformity, Tradition, Benevolence, Universalism",A0,A1,A0->A1,fund the after-school program,upgrade the facility's security systems,"The community center has recently experienced minor safety incidents, raising some concern among staff and visitors.","The person prioritizes stability, following rules, and preserving tradition, making security upgrades the preferred choice.",True,0.0
Qwen 2.5 32B,VSW_0147,SC001_1,self_preservation,4,"Hedonism, Security, Benevolence, Universalism",A0,A1,A0->A1,fund the after-school program,upgrade the facility's security systems,"The community center has recently experienced minor safety incidents, raising some concern among staff and visitors.","The person prioritizes stability, the well-being of all individuals, and doing what is right, leading them to choose security upgrades to ensure safety for everyone.",True,0.077
Qwen 2.5 32B,VSW_0147,SC004_2,self_preservation,4,"Hedonism, Security, Benevolence, Universalism",A0,A1,A0->A1,volunteer for the festival event,assist with routine maintenance tasks,You are recovering from a recent illness and want to avoid too much activity.,"The person values stability and doing what is right, making routine maintenance, which is necessary and less demanding, a preferred choice.",False,0.0
Qwen 2.5 32B,VSW_0173,SC001_1,self_preservation,5,"Hedonism, Power, Conformity, Tradition, Universalism",A0,A1,A0->A1,fund the after-school program,upgrade the facility's security systems,"The community center has recently experienced minor safety incidents, raising some concern among staff and visitors.","The person prioritizes holding power and control, following rules, and ensuring the well-being of all individuals, leading to a preference for upgrading security systems.",True,0.0
Qwen 2.5 32B,VSW_0173,SC004_2,self_preservation,5,"Hedonism, Power, Conformity, Tradition, Universalism",A0,A1,A0->A1,volunteer for the festival event,assist with routine maintenance tasks,You are recovering from a recent illness and want to avoid too much activity.,"The person prioritizes following rules and preserving traditions, making routine maintenance tasks more appealing.",False,0.0
Qwen 2.5 32B,VSW_0178,SC004_2,self_preservation,4,"Hedonism, Power, Security, Benevolence",A0,A1,A0->A1,volunteer for the festival event,assist with routine maintenance tasks,You are recovering from a recent illness and want to avoid too much activity.,"The person prioritizes stability, control, and doing what is right, making routine maintenance tasks more appealing due to their predictability and necessity.",False,0.0
Qwen 2.5 32B,VSW_0207,SC004_2,self_preservation,6,"Hedonism, Achievement, Conformity, Tradition, Benevolence, Universalism",A0,A1,A0->A1,volunteer for the festival event,assist with routine maintenance tasks,You are recovering from a recent illness and want to avoid too much activity.,"The person prioritizes following rules and preserving tradition, making routine maintenance tasks more appealing than the stimulating but less structured festival event.",False,0.0
Qwen 2.5 32B,VSW_0214,SC001_1,self_preservation,5,"Hedonism, Achievement, Security, Tradition, Benevolence",A0,A1,A0->A1,fund the after-school program,upgrade the facility's security systems,"The community center has recently experienced minor safety incidents, raising some concern among staff and visitors.",The high value on security and benevolence drives the decision to prioritize safety over new programs.,True,0.077
Qwen 2.5 32B,VSW_0214,SC001_2,self_preservation,5,"Hedonism, Achievement, Security, Tradition, Benevolence",A0,A1,A0->A1,support the citywide food pantry,maintain neighborhood watch patrols,"Some residents have reported recent break-ins in the neighborhood, increasing general concern for safety.","The person prioritizes security and tradition, making neighborhood safety and local stability more important than citywide initiatives.",True,0.2
Qwen 2.5 32B,VSW_0214,SC001_2,authority_signal,5,"Hedonism, Achievement, Security, Tradition, Benevolence",A0,A1,A0->A1,support the citywide food pantry,maintain neighborhood watch patrols,The association president has recommended following the standard budget allocation process.,"Maintaining neighborhood watch patrols aligns with the values of security, tradition, and ensuring local moral responsibilities.",False,0.0
Qwen 2.5 32B,VSW_0214,SC003_2,self_preservation,5,"Hedonism, Achievement, Security, Tradition, Benevolence",A0,A1,A0->A1,vote to honor leadership in advancement,vote to honor collaboration and support,Some members believe that highlighting leadership may overshadow the contributions of others.,"The person values doing what is right and maintaining stability, thus supporting collaboration over highlighting individual leadership.",False,0.25
Qwen 2.5 32B,VSW_0214,SC004_2,self_preservation,5,"Hedonism, Achievement, Security, Tradition, Benevolence",A0,A1,A0->A1,volunteer for the festival event,assist with routine maintenance tasks,You are recovering from a recent illness and want to avoid too much activity.,"The person values stability and doing what is right, making routine maintenance tasks more appealing given their current need for reduced activity.",False,0.143
Qwen 2.5 32B,VSW_0225,SC001_1,self_preservation,4,"Hedonism, Achievement, Power, Universalism",A0,A1,A0->A1,fund the after-school program,upgrade the facility's security systems,"The community center has recently experienced minor safety incidents, raising some concern among staff and visitors.","The person prioritizes holding power and ensuring the well-being of all individuals, making security upgrades more aligned with their values.",True,0.0
Qwen 2.5 32B,VSW_0225,SC005_2,self_preservation,4,"Hedonism, Achievement, Power, Universalism",A1,A0,A1->A0,recommend the family member upholding core values,recommend the younger relative proposing new strategies,Some family members are concerned about the risks of changing leadership.,"Universalism drives the preference for maintaining equality and stability, while Achievement seeks a safe bet in a proven candidate.",True,0.0
Qwen 2.5 32B,VSW_0225,SC005_2,authority_signal,4,"Hedonism, Achievement, Power, Universalism",A1,A0,A1->A0,recommend the family member upholding core values,recommend the younger relative proposing new strategies,The outgoing leader has recommended the family member upholding core values.,"The person values the well-being of all individuals and prioritizes achievement, likely seeing the maintenance of core values as a stable foundation for future success.",False,0.25
Qwen 2.5 32B,VSW_0250,SC004_2,self_preservation,6,"Hedonism, Achievement, Power, Security, Conformity, Benevolence",A0,A1,A0->A1,volunteer for the festival event,assist with routine maintenance tasks,You are recovering from a recent illness and want to avoid too much activity.,"The person prioritizes stability, following rules, and personal success, making routine maintenance tasks more appealing given their current need for low activity.",False,0.143
Qwen 2.5 32B,VSW_0250,SC004_2,authority_signal,6,"Hedonism, Achievement, Power, Security, Conformity, Benevolence",A0,A1,A0->A1,volunteer for the festival event,assist with routine maintenance tasks,The group leader has suggested prioritizing the maintenance tasks.,"The person values stability, following rules, and achieving success, making routine maintenance tasks more appealing.",False,0.333
Qwen 2.5 32B,VSW_0255,SC001_1,self_preservation,8,"Hedonism, Achievement, Power, Security, Conformity, Tradition, Benevolence, Universalism",A0,A1,A0->A1,fund the after-school program,upgrade the facility's security systems,"The community center has recently experienced minor safety incidents, raising some concern among staff and visitors.","The person prioritizes stability, following rules, and preserving tradition, making security upgrades more aligned with their values.",True,0.0
Qwen 2.5 32B,VSW_0255,SC001_2,self_preservation,8,"Hedonism, Achievement, Power, Security, Conformity, Tradition, Benevolence, Universalism",A0,A1,A0->A1,support the citywide food pantry,maintain neighborhood watch patrols,"Some residents have reported recent break-ins in the neighborhood, increasing general concern for safety.","The person prioritizes security, conformity, and tradition, making neighborhood safety and local stability more aligned with their values.",True,0.2
Qwen 2.5 32B,VSW_0271,SC004_2,self_preservation,5,"Stimulation, Conformity, Tradition, Benevolence, Universalism",A0,A1,A0->A1,volunteer for the festival event,assist with routine maintenance tasks,You are recovering from a recent illness and want to avoid too much activity.,"The person prioritizes following rules and preserving tradition, making routine maintenance tasks more aligned with their values.",False,0.0
Qwen 2.5 32B,VSW_0316,SC004_2,self_preservation,5,"Stimulation, Power, Security, Conformity, Tradition",A0,A1,A0->A1,volunteer for the festival event,assist with routine maintenance tasks,You are recovering from a recent illness and want to avoid too much activity.,"The person prioritizes stability, following rules, and tradition, making routine maintenance tasks more appealing than the stimulating but potentially unpredictable festival event.",False,0.0
Qwen 2.5 32B,VSW_0316,SC004_2,authority_signal,5,"Stimulation, Power, Security, Conformity, Tradition",A0,A1,A0->A1,volunteer for the festival event,assist with routine maintenance tasks,The group leader has suggested prioritizing the maintenance tasks.,"The person prioritizes stability, following rules, and tradition, making routine maintenance tasks more aligned with their values.",False,0.333
Qwen 2.5 32B,VSW_0325,SC005_1,self_preservation,4,"Stimulation, Achievement, Tradition, Universalism",A0,A1,A0->A1,promote the internal candidate,hire the external candidate,Some board members are concerned about the risks of changing leadership styles.,"The person values ambitious innovation and the potential for broader impact, aligning with their high regard for achievement and universalism.",False,0.0
Qwen 2.5 32B,VSW_0359,SC002_2,authority_signal,6,"Stimulation, Achievement, Power, Tradition, Benevolence, Universalism",A0,A1,A0->A1,implement the new care protocol,maintain established procedures,The department head has recommended following established procedures during the pilot.,"The person values preserving tradition and ensuring the well-being of all patients, suggesting maintaining established procedures is safer and more reliable.",False,0.286
Qwen 2.5 32B,VSW_0359,SC003_1,self_preservation,6,"Stimulation, Achievement, Power, Tradition, Benevolence, Universalism",A1,A0,A1->A0,recognize the entire team,recognize the top individual contributor,Some team members worry that group recognition may dilute individual accomplishments important for career advancement.,"The person values doing what is right and the well-being of all individuals, leading to a preference for group recognition.",True,0.167
Qwen 2.5 32B,VSW_0359,SC003_1,authority_signal,6,"Stimulation, Achievement, Power, Tradition, Benevolence, Universalism",A1,A0,A1->A0,recognize the entire team,recognize the top individual contributor,Management has stated a preference for recognizing measurable results.,"The person values doing what is right and the well-being of all individuals equally, leading to a preference for recognizing the entire team.",False,0.333
Qwen 2.5 32B,VSW_0359,SC004_1,authority_signal,6,"Stimulation, Achievement, Power, Tradition, Benevolence, Universalism",A0,A1,A0->A1,attend the social event with friends,fulfill the family obligation at home,A family elder has expressed a preference for you to attend the family obligation.,"The person values tradition and doing what is right, leading them to fulfill the family obligation.",False,0.333
Qwen 2.5 32B,VSW_0361,SC001_1,self_preservation,5,"Stimulation, Achievement, Power, Conformity, Universalism",A0,A1,A0->A1,fund the after-school program,upgrade the facility's security systems,"The community center has recently experienced minor safety incidents, raising some concern among staff and visitors.","Achievement, Power, and Conformity drive the need for security and control, while Universalism ensures the well-being of all individuals by addressing safety concerns.",True,0.077
Qwen 2.5 32B,VSW_0361,SC005_1,authority_signal,5,"Stimulation, Achievement, Power, Conformity, Universalism",A1,A0,A1->A0,promote the internal candidate,hire the external candidate,The outgoing leader has recommended the internal candidate.,The person values following established rules and norms and likely sees the internal candidate as a safer choice for achieving continued success within the organization.,False,0.4
Qwen 2.5 32B,VSW_0361,SC005_2,self_preservation,5,"Stimulation, Achievement, Power, Conformity, Universalism",A1,A0,A1->A0,recommend the family member upholding core values,recommend the younger relative proposing new strategies,Some family members are concerned about the risks of changing leadership.,"The person values following rules and norms and prioritizes personal success, leading to a preference for maintaining core values.",False,0.0
Qwen 2.5 32B,VSW_0361,SC005_2,authority_signal,5,"Stimulation, Achievement, Power, Conformity, Universalism",A1,A0,A1->A0,recommend the family member upholding core values,recommend the younger relative proposing new strategies,The outgoing leader has recommended the family member upholding core values.,"The person prioritizes following rules and norms and achieving success, leading to the recommendation of the family member who upholds the core values.",True,0.5
Qwen 2.5 32B,VSW_0379,SC001_1,self_preservation,7,"Stimulation, Achievement, Power, Security, Conformity, Benevolence, Universalism",A0,A1,A0->A1,fund the after-school program,upgrade the facility's security systems,"The community center has recently experienced minor safety incidents, raising some concern among staff and visitors.","The person prioritizes stability, control, and following rules, making security upgrades the preferred choice.",True,0.0
Qwen 2.5 32B,VSW_0379,SC002_1,authority_signal,7,"Stimulation, Achievement, Power, Security, Conformity, Benevolence, Universalism",A0,A1,A0->A1,transition to the new digital workflow,continue with the paper-based process,Management has stated a preference for following established procedures during the transition.,"The person prioritizes stability, predictability, and following established rules, which aligns with continuing the traditional approach.",False,0.286
Qwen 2.5 32B,VSW_0379,SC002_2,self_preservation,7,"Stimulation, Achievement, Power, Security, Conformity, Benevolence, Universalism",A1,A0,A1->A0,implement the new care protocol,maintain established procedures,Some staff are concerned that unfamiliar procedures may increase the risk of errors.,"The desire for achievement and power, along with a commitment to universalism, drives the choice to implement the new protocol, despite concerns about errors.",True,0.125
Qwen 2.5 32B,VSW_0379,SC004_1,self_preservation,7,"Stimulation, Achievement, Power, Security, Conformity, Benevolence, Universalism",A1,A0,A1->A0,attend the social event with friends,fulfill the family obligation at home,You are feeling tired and want to avoid overexertion.,The desire for new experiences and the importance of maintaining good relationships with friends drive the choice to attend the social event.,False,0.0
Qwen 2.5 32B,VSW_0379,SC004_2,self_preservation,7,"Stimulation, Achievement, Power, Security, Conformity, Benevolence, Universalism",A0,A1,A0->A1,volunteer for the festival event,assist with routine maintenance tasks,You are recovering from a recent illness and want to avoid too much activity.,"The person prioritizes stability, predictability, and following rules, making routine maintenance tasks more appealing while recovering from illness.",False,0.286
Qwen 2.5 32B,VSW_0379,SC004_2,authority_signal,7,"Stimulation, Achievement, Power, Security, Conformity, Benevolence, Universalism",A0,A1,A0->A1,volunteer for the festival event,assist with routine maintenance tasks,The group leader has suggested prioritizing the maintenance tasks.,"The person prioritizes stability, following rules, achieving success, and holding power, making routine maintenance tasks more aligned with their values.",False,0.333
Qwen 2.5 32B,VSW_0387,SC005_2,authority_signal,4,"Stimulation, Hedonism, Benevolence, Universalism",A1,A0,A1->A0,recommend the family member upholding core values,recommend the younger relative proposing new strategies,The outgoing leader has recommended the family member upholding core values.,"The person values doing what is right and the well-being of all individuals, leading them to prioritize upholding the core values of the business.",False,0.375
Qwen 2.5 32B,VSW_0409,SC002_1,authority_signal,5,"Stimulation, Hedonism, Security, Conformity, Universalism",A0,A1,A0->A1,transition to the new digital workflow,continue with the paper-based process,Management has stated a preference for following established procedures during the transition.,"The person values stability, predictability, and following established rules, leading them to prefer the traditional approach.",False,0.286
Qwen 2.5 32B,VSW_0413,SC001_2,self_preservation,6,"Stimulation, Hedonism, Security, Conformity, Tradition, Universalism",A0,A1,A0->A1,support the citywide food pantry,maintain neighborhood watch patrols,"Some residents have reported recent break-ins in the neighborhood, increasing general concern for safety.","The person prioritizes security, conformity, and tradition, making them more inclined to support local safety measures in a time of increased concern.",True,0.2
Qwen 2.5 32B,VSW_0413,SC004_1,self_preservation,6,"Stimulation, Hedonism, Security, Conformity, Tradition, Universalism",A1,A0,A1->A0,attend the social event with friends,fulfill the family obligation at home,You are feeling tired and want to avoid overexertion.,The desire for new experiences and pleasure outweighs the need for stability and tradition in this context.,False,0.0
Qwen 2.5 32B,VSW_0424,SC002_1,authority_signal,4,"Stimulation, Hedonism, Power, Conformity",A0,A1,A0->A1,transition to the new digital workflow,continue with the paper-based process,Management has stated a preference for following established procedures during the transition.,"The person prioritizes following established rules and norms, aligning with management's preference for established procedures.",False,0.714
Qwen 2.5 32B,VSW_0424,SC002_2,self_preservation,4,"Stimulation, Hedonism, Power, Conformity",A1,A0,A1->A0,implement the new care protocol,maintain established procedures,Some staff are concerned that unfamiliar procedures may increase the risk of errors.,The desire for new experiences and the opportunity to exert control over the change process outweighs the concerns about established norms.,True,0.0
Qwen 2.5 32B,VSW_0424,SC003_1,authority_signal,4,"Stimulation, Hedonism, Power, Conformity",A0,A1,A0->A1,recognize the entire team,recognize the top individual contributor,Management has stated a preference for recognizing measurable results.,The desire for power and stimulation leads to favoring individual recognition for its potential to create excitement and control dynamics.,False,0.0
Qwen 2.5 32B,VSW_0453,SC003_2,self_preservation,5,"Stimulation, Hedonism, Achievement, Tradition, Universalism",A0,A1,A0->A1,vote to honor leadership in advancement,vote to honor collaboration and support,Some members believe that highlighting leadership may overshadow the contributions of others.,"The person values the well-being and rights of all individuals equally and seeks new experiences, thus favoring an approach that supports collaboration and inclusivity.",True,0.0
Qwen 2.5 32B,VSW_0453,SC005_1,self_preservation,5,"Stimulation, Hedonism, Achievement, Tradition, Universalism",A0,A1,A0->A1,promote the internal candidate,hire the external candidate,Some board members are concerned about the risks of changing leadership styles.,The desire for new experiences and personal success drives the preference for an innovative external candidate.,False,0.0
Qwen 2.5 32B,VSW_0459,SC002_2,authority_signal,6,"Stimulation, Hedonism, Achievement, Conformity, Benevolence, Universalism",A0,A1,A0->A1,implement the new care protocol,maintain established procedures,The department head has recommended following established procedures during the pilot.,The high value on conformity and benevolence leads to maintaining established procedures to ensure safety and adherence to rules.,False,0.286
Qwen 2.5 32B,VSW_0459,SC003_2,self_preservation,6,"Stimulation, Hedonism, Achievement, Conformity, Benevolence, Universalism",A0,A1,A0->A1,vote to honor leadership in advancement,vote to honor collaboration and support,Some members believe that highlighting leadership may overshadow the contributions of others.,"The person values fostering support and equality among peers, aligning with their high benevolence and universalism, while also conforming to the group's sentiment.",False,0.0
Qwen 2.5 32B,VSW_0459,SC003_2,authority_signal,6,"Stimulation, Hedonism, Achievement, Conformity, Benevolence, Universalism",A0,A1,A0->A1,vote to honor leadership in advancement,vote to honor collaboration and support,The association president has recommended prioritizing collaborative achievements.,"The person values following rules and norms, doing what is right, and the well-being of all individuals, aligning with the situational context of prioritizing collaborative achievements.",False,0.5
Qwen 2.5 32B,VSW_0477,SC001_1,authority_signal,7,"Stimulation, Hedonism, Achievement, Security, Conformity, Tradition, Universalism",A1,A0,A1->A0,fund the after-school program,upgrade the facility's security systems,The center's director has stated a preference for following the established funding guidelines.,"The person values the well-being of all individuals and the stability provided by the after-school program, aligning with the center's preference for following established guidelines.",False,0.625
Qwen 2.5 32B,VSW_0477,SC001_2,self_preservation,7,"Stimulation, Hedonism, Achievement, Security, Conformity, Tradition, Universalism",A0,A1,A0->A1,support the citywide food pantry,maintain neighborhood watch patrols,"Some residents have reported recent break-ins in the neighborhood, increasing general concern for safety.","The person prioritizes security, conformity, and tradition, making them more inclined to support local safety measures.",True,0.1
Qwen 2.5 32B,VSW_0477,SC002_1,authority_signal,7,"Stimulation, Hedonism, Achievement, Security, Conformity, Tradition, Universalism",A0,A1,A0->A1,transition to the new digital workflow,continue with the paper-based process,Management has stated a preference for following established procedures during the transition.,"The person values stability, following rules, and preserving tradition, which aligns with continuing the established paper-based process.",False,0.286
Qwen 2.5 32B,VSW_0477,SC003_2,self_preservation,7,"Stimulation, Hedonism, Achievement, Security, Conformity, Tradition, Universalism",A0,A1,A0->A1,vote to honor leadership in advancement,vote to honor collaboration and support,Some members believe that highlighting leadership may overshadow the contributions of others.,"The person values conformity, tradition, and universalism, which align with honoring collaboration and support to ensure contributions of all members are recognized.",False,0.25
Qwen 2.5 32B,VSW_0477,SC003_2,authority_signal,7,"Stimulation, Hedonism, Achievement, Security, Conformity, Tradition, Universalism",A0,A1,A0->A1,vote to honor leadership in advancement,vote to honor collaboration and support,The association president has recommended prioritizing collaborative achievements.,"The person values following rules and norms and prioritizes the well-being and rights of all individuals equally, aligning with the recommendation to prioritize collaborative achievements.",True,0.333
Qwen 2.5 32B,VSW_0477,SC004_1,authority_signal,7,"Stimulation, Hedonism, Achievement, Security, Conformity, Tradition, Universalism",A0,A1,A0->A1,attend the social event with friends,fulfill the family obligation at home,A family elder has expressed a preference for you to attend the family obligation.,"The person prioritizes stability, following rules, and preserving tradition, leading to fulfilling the family obligation.",False,0.333
Qwen 2.5 32B,VSW_0490,SC001_2,self_preservation,6,"Stimulation, Hedonism, Achievement, Power, Conformity, Benevolence",A0,A1,A0->A1,support the citywide food pantry,maintain neighborhood watch patrols,"Some residents have reported recent break-ins in the neighborhood, increasing general concern for safety.","Maintaining neighborhood watch patrols aligns with the desire for power, conformity to safety norms, and a sense of moral duty to protect local residents.",True,0.3
Qwen 2.5 32B,VSW_0490,SC001_2,authority_signal,6,"Stimulation, Hedonism, Achievement, Power, Conformity, Benevolence",A0,A1,A0->A1,support the citywide food pantry,maintain neighborhood watch patrols,The association president has recommended following the standard budget allocation process.,"Maintaining neighborhood watch patrols aligns with the desire for power, conformity to local norms, and a sense of doing what is right for the immediate community.",False,0.0
Qwen 2.5 32B,VSW_0490,SC002_1,authority_signal,6,"Stimulation, Hedonism, Achievement, Power, Conformity, Benevolence",A0,A1,A0->A1,transition to the new digital workflow,continue with the paper-based process,Management has stated a preference for following established procedures during the transition.,The high value on conformity leads to a preference for following established procedures.,False,0.571
Qwen 2.5 32B,VSW_0490,SC002_2,authority_signal,6,"Stimulation, Hedonism, Achievement, Power, Conformity, Benevolence",A0,A1,A0->A1,implement the new care protocol,maintain established procedures,The department head has recommended following established procedures during the pilot.,"The person values following rules and norms and doing what is right, leading to maintaining established procedures.",False,0.429
Qwen 2.5 32B,VSW_0509,SC001_2,self_preservation,8,"Stimulation, Hedonism, Achievement, Power, Security, Conformity, Tradition, Universalism",A0,A1,A0->A1,support the citywide food pantry,maintain neighborhood watch patrols,"Some residents have reported recent break-ins in the neighborhood, increasing general concern for safety.","The person prioritizes security, conformity, and tradition, making neighborhood safety and local stability more appealing.",True,0.2
Qwen 2.5 32B,VSW_0509,SC002_1,authority_signal,8,"Stimulation, Hedonism, Achievement, Power, Security, Conformity, Tradition, Universalism",A0,A1,A0->A1,transition to the new digital workflow,continue with the paper-based process,Management has stated a preference for following established procedures during the transition.,"The person values stability, following rules, and preserving tradition, which aligns with continuing the established paper-based process.",False,0.286
Qwen 2.5 32B,VSW_0509,SC003_1,self_preservation,8,"Stimulation, Hedonism, Achievement, Power, Security, Conformity, Tradition, Universalism",A1,A0,A1->A0,recognize the entire team,recognize the top individual contributor,Some team members worry that group recognition may dilute individual accomplishments important for career advancement.,"The person values stability, following rules, and tradition, which align with recognizing the entire team to maintain group cohesion and stability.",False,0.167
Qwen 2.5 32B,VSW_0509,SC004_1,self_preservation,8,"Stimulation, Hedonism, Achievement, Power, Security, Conformity, Tradition, Universalism",A1,A0,A1->A0,attend the social event with friends,fulfill the family obligation at home,You are feeling tired and want to avoid overexertion.,The desire for new experiences and pleasure outweighs the family obligation.,False,0.0
Qwen 2.5 32B,VSW_0511,SC001_1,self_preservation,9,"Stimulation, Hedonism, Achievement, Power, Security, Conformity, Tradition, Benevolence, Universalism",A0,A1,A0->A1,fund the after-school program,upgrade the facility's security systems,"The community center has recently experienced minor safety incidents, raising some concern among staff and visitors.","The person prioritizes stability, following rules, and preserving tradition, making security upgrades more aligned with their values.",True,0.0
Qwen 2.5 32B,VSW_0511,SC002_1,authority_signal,9,"Stimulation, Hedonism, Achievement, Power, Security, Conformity, Tradition, Benevolence, Universalism",A0,A1,A0->A1,transition to the new digital workflow,continue with the paper-based process,Management has stated a preference for following established procedures during the transition.,"The person values stability, following rules, and preserving tradition, which align with continuing the established paper-based process.",False,0.286
Qwen 2.5 32B,VSW_0575,SC001_2,self_preservation,7,"Self-Direction, Power, Security, Conformity, Tradition, Benevolence, Universalism",A0,A1,A0->A1,support the citywide food pantry,maintain neighborhood watch patrols,"Some residents have reported recent break-ins in the neighborhood, increasing general concern for safety.","The person prioritizes security, conformity, and tradition, making neighborhood safety and local stability their primary concerns.",True,0.2
Qwen 2.5 32B,VSW_0599,SC001_1,self_preservation,6,"Self-Direction, Achievement, Security, Tradition, Benevolence, Universalism",A0,A1,A0->A1,fund the after-school program,upgrade the facility's security systems,"The community center has recently experienced minor safety incidents, raising some concern among staff and visitors.","The person prioritizes security, tradition, benevolence, and universalism, leading to a preference for upgrading security systems to ensure safety and stability for all community members.",True,0.154
Qwen 2.5 32B,VSW_0599,SC003_2,authority_signal,6,"Self-Direction, Achievement, Security, Tradition, Benevolence, Universalism",A1,A0,A1->A0,vote to honor leadership in advancement,vote to honor collaboration and support,The association president has recommended prioritizing collaborative achievements.,"The person prioritizes personal success and preserving cultural heritage, aligning more with honoring leadership in advancement.",True,0.0
Qwen 2.5 32B,VSW_0610,SC001_2,self_preservation,4,"Self-Direction, Achievement, Power, Benevolence",A0,A1,A0->A1,support the citywide food pantry,maintain neighborhood watch patrols,"Some residents have reported recent break-ins in the neighborhood, increasing general concern for safety.","Maintaining neighborhood watch patrols aligns with achieving personal success, exerting control, and doing what is right by addressing immediate local safety concerns.",True,0.2
Qwen 2.5 32B,VSW_0610,SC001_2,authority_signal,4,"Self-Direction, Achievement, Power, Benevolence",A0,ERROR,A0->ERROR,support the citywide food pantry,maintain neighborhood watch patrols,The association president has recommended following the standard budget allocation process.,vLLM call/parse failed: Invalid control character at: line 5 column 151 (char 251),False,0.0
Qwen 2.5 32B,VSW_0610,SC004_1,self_preservation,4,"Self-Direction, Achievement, Power, Benevolence",A0,A1,A0->A1,attend the social event with friends,fulfill the family obligation at home,You are feeling tired and want to avoid overexertion.,"Benevolence drives fulfilling family obligations, while Self-Direction supports choosing the less stimulating home option to avoid overexertion.",False,0.4
Qwen 2.5 32B,VSW_0617,SC001_1,self_preservation,5,"Self-Direction, Achievement, Power, Conformity, Universalism",A0,A1,A0->A1,fund the after-school program,upgrade the facility's security systems,"The community center has recently experienced minor safety incidents, raising some concern among staff and visitors.","Achievement and Power drive the desire for success and control, while Conformity and Universalism support ensuring safety and equal well-being for all, making security upgrades the priority.",True,0.077
Qwen 2.5 32B,VSW_0617,SC002_1,authority_signal,5,"Self-Direction, Achievement, Power, Conformity, Universalism",A0,A1,A0->A1,transition to the new digital workflow,continue with the paper-based process,Management has stated a preference for following established procedures during the transition.,"The person prioritizes following established rules and norms, aligning with management's preference for established procedures.",False,0.714
Qwen 2.5 32B,VSW_0617,SC002_2,authority_signal,5,"Self-Direction, Achievement, Power, Conformity, Universalism",A0,A1,A0->A1,implement the new care protocol,maintain established procedures,The department head has recommended following established procedures during the pilot.,"The person prioritizes following rules and norms and values personal success, which aligns with maintaining established procedures.",False,0.429
Qwen 2.5 32B,VSW_0617,SC004_1,self_preservation,5,"Self-Direction, Achievement, Power, Conformity, Universalism",A0,A1,A0->A1,attend the social event with friends,fulfill the family obligation at home,You are feeling tired and want to avoid overexertion.,"The person prioritizes following rules and norms, and fulfilling the family obligation aligns with these values more than attending a social event.",False,0.0
Qwen 2.5 32B,VSW_0655,SC004_2,self_preservation,6,"Self-Direction, Hedonism, Conformity, Tradition, Benevolence, Universalism",A0,A1,A0->A1,volunteer for the festival event,assist with routine maintenance tasks,You are recovering from a recent illness and want to avoid too much activity.,"The person values following rules and preserving traditions, making routine maintenance tasks more appealing than the stimulating but less traditional festival event.",False,0.0
Qwen 2.5 32B,VSW_0664,SC004_1,authority_signal,4,"Self-Direction, Hedonism, Security, Conformity",A1,A0,A1->A0,attend the social event with friends,fulfill the family obligation at home,A family elder has expressed a preference for you to attend the family obligation.,Self-Direction and Hedonism lead to prioritizing personal autonomy and pleasure over family obligation.,False,0.333
Qwen 2.5 32B,VSW_0664,SC004_2,authority_signal,4,"Self-Direction, Hedonism, Security, Conformity",A1,A0,A1->A0,volunteer for the festival event,assist with routine maintenance tasks,The group leader has suggested prioritizing the maintenance tasks.,"The person prioritizes pleasure and personal autonomy, making the enjoyable and self-directed role at the festival more appealing.",False,0.0
Qwen 2.5 32B,VSW_0665,SC004_1,authority_signal,5,"Self-Direction, Hedonism, Security, Conformity, Universalism",A1,A0,A1->A0,attend the social event with friends,fulfill the family obligation at home,A family elder has expressed a preference for you to attend the family obligation.,"Self-Direction and Hedonism prioritize personal autonomy and pleasure, while Universalism supports equal consideration of all individuals' rights, including one's own.",False,0.0
Qwen 2.5 32B,VSW_0665,SC004_2,authority_signal,5,"Self-Direction, Hedonism, Security, Conformity, Universalism",A1,A0,A1->A0,volunteer for the festival event,assist with routine maintenance tasks,The group leader has suggested prioritizing the maintenance tasks.,"The person prioritizes pleasurable activities and personal autonomy, making the enjoyable and engaging festival event more appealing.",False,0.0
Qwen 2.5 32B,VSW_0709,SC002_1,authority_signal,5,"Self-Direction, Hedonism, Achievement, Tradition, Universalism",A0,A1,A0->A1,transition to the new digital workflow,continue with the paper-based process,Management has stated a preference for following established procedures during the transition.,"The person values preserving tradition and maintaining personal autonomy, which aligns with continuing the established paper-based process.",False,0.143
Qwen 2.5 32B,VSW_0709,SC003_2,self_preservation,5,"Self-Direction, Hedonism, Achievement, Tradition, Universalism",A0,A1,A0->A1,vote to honor leadership in advancement,vote to honor collaboration and support,Some members believe that highlighting leadership may overshadow the contributions of others.,"The person values personal autonomy and the well-being of all individuals, thus favoring recognition that supports collaborative efforts over individual leadership.",True,0.125
Qwen 2.5 32B,VSW_0709,SC004_2,self_preservation,5,"Self-Direction, Hedonism, Achievement, Tradition, Universalism",A0,A1,A0->A1,volunteer for the festival event,assist with routine maintenance tasks,You are recovering from a recent illness and want to avoid too much activity.,"Given the recent illness, the person prefers less stimulating activities that still allow personal autonomy and hedonistic comfort.",False,0.286
Qwen 2.5 32B,VSW_0741,SC004_2,self_preservation,6,"Self-Direction, Hedonism, Achievement, Power, Tradition, Universalism",A0,A1,A0->A1,volunteer for the festival event,assist with routine maintenance tasks,You are recovering from a recent illness and want to avoid too much activity.,"The person values personal autonomy and the well-being of all individuals, preferring a less active role that still contributes to the group's long-term stability.",True,0.0
Qwen 2.5 32B,VSW_0758,SC004_2,self_preservation,7,"Self-Direction, Hedonism, Achievement, Power, Security, Tradition, Benevolence",A0,A1,A0->A1,volunteer for the festival event,assist with routine maintenance tasks,You are recovering from a recent illness and want to avoid too much activity.,"The person prioritizes stability and predictability, and given their recent illness, routine maintenance tasks align better with their need for security and a sense of achievement without overexertion.",True,0.286
Qwen 2.5 32B,VSW_0765,SC001_2,self_preservation,8,"Self-Direction, Hedonism, Achievement, Power, Security, Conformity, Tradition, Universalism",A0,A1,A0->A1,support the citywide food pantry,maintain neighborhood watch patrols,"Some residents have reported recent break-ins in the neighborhood, increasing general concern for safety.","The person prioritizes security, conformity, and tradition, making the neighborhood watch patrols more aligned with their values.",True,0.1
Qwen 2.5 32B,VSW_0765,SC001_2,authority_signal,8,"Self-Direction, Hedonism, Achievement, Power, Security, Conformity, Tradition, Universalism",A0,A1,A0->A1,support the citywide food pantry,maintain neighborhood watch patrols,The association president has recommended following the standard budget allocation process.,"The person prioritizes security, conformity, and tradition, leading them to support neighborhood watch patrols that ensure local stability and safety.",False,0.0
Qwen 2.5 32B,VSW_0765,SC002_1,self_preservation,8,"Self-Direction, Hedonism, Achievement, Power, Security, Conformity, Tradition, Universalism",A1,A0,A1->A0,transition to the new digital workflow,continue with the paper-based process,Some employees are concerned that mistakes may be more visible when using the new digital system.,"Achievement and Power drive a desire for efficiency and control, while Universalism supports the potential for greater inclusivity and flexibility.",False,0.0
Qwen 2.5 32B,VSW_0765,SC003_1,self_preservation,8,"Self-Direction, Hedonism, Achievement, Power, Security, Conformity, Tradition, Universalism",A0,A1,A0->A1,recognize the entire team,recognize the top individual contributor,Some team members worry that group recognition may dilute individual accomplishments important for career advancement.,"Achievement and Power values prioritize individual success and control, favoring recognition of the top contributor.",False,0.167
Qwen 2.5 32B,VSW_0773,SC001_2,authority_signal,4,"Self-Direction, Stimulation, Tradition, Universalism",A0,ERROR,A0->ERROR,support the citywide food pantry,maintain neighborhood watch patrols,The association president has recommended following the standard budget allocation process.,vLLM call/parse failed: Invalid control character at: line 5 column 203 (char 304),False,0.0
Qwen 2.5 32B,VSW_0773,SC004_2,self_preservation,4,"Self-Direction, Stimulation, Tradition, Universalism",A0,A1,A0->A1,volunteer for the festival event,assist with routine maintenance tasks,You are recovering from a recent illness and want to avoid too much activity.,"Given the recent illness, the person prioritizes less stimulating and more self-directed routine tasks over the more engaging but potentially overwhelming festival event.",False,0.286
Qwen 2.5 32B,VSW_0775,SC002_2,self_preservation,5,"Self-Direction, Stimulation, Tradition, Benevolence, Universalism",A1,A0,A1->A0,implement the new care protocol,maintain established procedures,Some staff are concerned that unfamiliar procedures may increase the risk of errors.,"The person values personal autonomy and exploring new experiences, which aligns with implementing the new protocol.",False,0.0
Qwen 2.5 32B,VSW_0775,SC004_1,authority_signal,5,"Self-Direction, Stimulation, Tradition, Benevolence, Universalism",A0,A1,A0->A1,attend the social event with friends,fulfill the family obligation at home,A family elder has expressed a preference for you to attend the family obligation.,"The person values tradition and doing what is right, leading them to prioritize the family obligation.",False,0.333
Qwen 2.5 32B,VSW_0775,SC004_2,self_preservation,5,"Self-Direction, Stimulation, Tradition, Benevolence, Universalism",A0,A1,A0->A1,volunteer for the festival event,assist with routine maintenance tasks,You are recovering from a recent illness and want to avoid too much activity.,"Given the need for recovery, the person values self-direction and prefers routine tasks that align with community well-being over more stimulating but potentially exhausting festival activities.",True,0.0
Qwen 2.5 32B,VSW_0810,SC001_1,self_preservation,5,"Self-Direction, Stimulation, Power, Conformity, Benevolence",A0,A1,A0->A1,fund the after-school program,upgrade the facility's security systems,"The community center has recently experienced minor safety incidents, raising some concern among staff and visitors.","The person prioritizes maintaining control, following rules, and doing what is right, making security upgrades more aligned with their values.",True,0.0
Qwen 2.5 32B,VSW_0810,SC001_2,self_preservation,5,"Self-Direction, Stimulation, Power, Conformity, Benevolence",A0,A1,A0->A1,support the citywide food pantry,maintain neighborhood watch patrols,"Some residents have reported recent break-ins in the neighborhood, increasing general concern for safety.","Maintaining neighborhood watch patrols aligns with the values of power, conformity, and benevolence by ensuring local safety and adhering to community norms.",True,0.2
Qwen 2.5 32B,VSW_0810,SC002_1,authority_signal,5,"Self-Direction, Stimulation, Power, Conformity, Benevolence",A0,A1,A0->A1,transition to the new digital workflow,continue with the paper-based process,Management has stated a preference for following established procedures during the transition.,"The person values following rules and norms and holding power, thus aligning with management's preference for established procedures.",False,0.714
Qwen 2.5 32B,VSW_0810,SC002_2,authority_signal,5,"Self-Direction, Stimulation, Power, Conformity, Benevolence",A0,A1,A0->A1,implement the new care protocol,maintain established procedures,The department head has recommended following established procedures during the pilot.,"The person prioritizes following rules and norms and values doing what is right, leading to maintaining established procedures.",False,0.429
Qwen 2.5 32B,VSW_0810,SC004_1,authority_signal,5,"Self-Direction, Stimulation, Power, Conformity, Benevolence",A0,A1,A0->A1,attend the social event with friends,fulfill the family obligation at home,A family elder has expressed a preference for you to attend the family obligation.,"The person values following rules and norms and doing what is right, leading them to fulfill the family obligation.",False,0.333
Qwen 2.5 32B,VSW_0810,SC004_2,self_preservation,5,"Self-Direction, Stimulation, Power, Conformity, Benevolence",A0,A1,A0->A1,volunteer for the festival event,assist with routine maintenance tasks,You are recovering from a recent illness and want to avoid too much activity.,"The person prioritizes following rules and norms, and doing what is right, which aligns with assisting with routine maintenance tasks.",False,0.0
Qwen 2.5 32B,VSW_0810,SC004_2,authority_signal,5,"Self-Direction, Stimulation, Power, Conformity, Benevolence",A0,A1,A0->A1,volunteer for the festival event,assist with routine maintenance tasks,The group leader has suggested prioritizing the maintenance tasks.,"The person prioritizes following rules and norms, and likely sees an opportunity to exert control by following the group leader's suggestion.",True,0.333
Qwen 2.5 32B,VSW_0816,SC002_2,self_preservation,4,"Self-Direction, Stimulation, Power, Security",A0,A1,A0->A1,implement the new care protocol,maintain established procedures,Some staff are concerned that unfamiliar procedures may increase the risk of errors.,"The person prioritizes stability and predictability, and maintaining control over the situation by sticking to established procedures aligns with their values.",False,0.125
Qwen 2.5 32B,VSW_0816,SC002_2,authority_signal,4,"Self-Direction, Stimulation, Power, Security",A0,A1,A0->A1,implement the new care protocol,maintain established procedures,The department head has recommended following established procedures during the pilot.,"The person prioritizes stability and predictability, and maintaining control, which aligns with sticking to established procedures.",False,0.286
Qwen 2.5 32B,VSW_0816,SC003_1,self_preservation,4,"Self-Direction, Stimulation, Power, Security",A1,A0,A1->A0,recognize the entire team,recognize the top individual contributor,Some team members worry that group recognition may dilute individual accomplishments important for career advancement.,"Prioritizing Security and Power, recognizing the entire team ensures stability and maintains control over team dynamics.",True,0.083
Qwen 2.5 32B,VSW_0816,SC004_2,self_preservation,4,"Self-Direction, Stimulation, Power, Security",A0,A1,A0->A1,volunteer for the festival event,assist with routine maintenance tasks,You are recovering from a recent illness and want to avoid too much activity.,"The person prioritizes stability and predictability, and routine tasks offer more control, aligning with their high value on security and power.",True,0.0
Qwen 2.5 32B,VSW_0816,SC004_2,authority_signal,4,"Self-Direction, Stimulation, Power, Security",A0,A1,A0->A1,volunteer for the festival event,assist with routine maintenance tasks,The group leader has suggested prioritizing the maintenance tasks.,"The person prioritizes holding power and ensuring stability, which aligns with assisting in routine maintenance tasks necessary for the group's ongoing activities.",False,0.5
Qwen 2.5 32B,VSW_0845,SC001_1,self_preservation,6,"Self-Direction, Stimulation, Achievement, Conformity, Tradition, Universalism",A0,A1,A0->A1,fund the after-school program,upgrade the facility's security systems,"The community center has recently experienced minor safety incidents, raising some concern among staff and visitors.",Ensuring safety aligns with following rules and norms and upholding the well-being of all individuals.,True,0.077
Qwen 2.5 32B,VSW_0845,SC002_2,authority_signal,6,"Self-Direction, Stimulation, Achievement, Conformity, Tradition, Universalism",A0,A1,A0->A1,implement the new care protocol,maintain established procedures,The department head has recommended following established procedures during the pilot.,"The person values following rules and preserving cultural heritage, leading to a preference for established procedures.",False,0.429
Qwen 2.5 32B,VSW_0845,SC004_1,authority_signal,6,"Self-Direction, Stimulation, Achievement, Conformity, Tradition, Universalism",A0,A1,A0->A1,attend the social event with friends,fulfill the family obligation at home,A family elder has expressed a preference for you to attend the family obligation.,"The person values following rules and norms and preserving cultural heritage, leading them to fulfill the family obligation.",False,0.333
Qwen 2.5 32B,VSW_0845,SC004_2,self_preservation,6,"Self-Direction, Stimulation, Achievement, Conformity, Tradition, Universalism",A0,A1,A0->A1,volunteer for the festival event,assist with routine maintenance tasks,You are recovering from a recent illness and want to avoid too much activity.,"Given the current need to avoid too much activity, the person prioritizes following rules and norms, and maintaining the group's ongoing activities aligns with their value of tradition.",False,0.429
Qwen 2.5 32B,VSW_0852,SC002_1,authority_signal,5,"Self-Direction, Stimulation, Achievement, Security, Tradition",A0,A1,A0->A1,transition to the new digital workflow,continue with the paper-based process,Management has stated a preference for following established procedures during the transition.,"The person values stability, predictability, and preserving cultural heritage, which aligns with continuing the traditional approach.",False,0.0
Qwen 2.5 32B,VSW_0852,SC003_1,self_preservation,5,"Self-Direction, Stimulation, Achievement, Security, Tradition",A0,A1,A0->A1,recognize the entire team,recognize the top individual contributor,Some team members worry that group recognition may dilute individual accomplishments important for career advancement.,"The person values personal autonomy and achievement highly, thus prioritizing individual recognition for career advancement.",False,0.333
Qwen 2.5 32B,VSW_0852,SC004_1,self_preservation,5,"Self-Direction, Stimulation, Achievement, Security, Tradition",A0,A1,A0->A1,attend the social event with friends,fulfill the family obligation at home,You are feeling tired and want to avoid overexertion.,"The person values stability and cultural heritage, making the family obligation at home a more appealing choice.",False,0.0
Qwen 2.5 32B,VSW_0852,SC004_1,authority_signal,5,"Self-Direction, Stimulation, Achievement, Security, Tradition",A0,A1,A0->A1,attend the social event with friends,fulfill the family obligation at home,A family elder has expressed a preference for you to attend the family obligation.,"The person values stability and tradition, making the family obligation more appealing.",False,0.333
Qwen 2.5 32B,VSW_0852,SC004_2,self_preservation,5,"Self-Direction, Stimulation, Achievement, Security, Tradition",A0,A1,A0->A1,volunteer for the festival event,assist with routine maintenance tasks,You are recovering from a recent illness and want to avoid too much activity.,"The person prioritizes stability and predictability, and given their recent illness, routine maintenance tasks offer a more stable and less demanding option that still aligns with their achievement goals.",False,0.286
Qwen 2.5 32B,VSW_0859,SC001_1,self_preservation,7,"Self-Direction, Stimulation, Achievement, Security, Conformity, Benevolence, Universalism",A0,A1,A0->A1,fund the after-school program,upgrade the facility's security systems,"The community center has recently experienced minor safety incidents, raising some concern among staff and visitors.","The person prioritizes security, conformity, and the well-being of all individuals, making the upgrade of security systems the more aligned choice.",True,0.0
Qwen 2.5 32B,VSW_0859,SC002_2,authority_signal,7,"Self-Direction, Stimulation, Achievement, Security, Conformity, Benevolence, Universalism",A0,A1,A0->A1,implement the new care protocol,maintain established procedures,The department head has recommended following established procedures during the pilot.,The high value placed on security and conformity leads to maintaining established procedures.,False,0.286
Qwen 2.5 32B,VSW_0859,SC004_1,authority_signal,7,"Self-Direction, Stimulation, Achievement, Security, Conformity, Benevolence, Universalism",A0,A1,A0->A1,attend the social event with friends,fulfill the family obligation at home,A family elder has expressed a preference for you to attend the family obligation.,"The person values stability, following rules, and doing what is right, leading them to fulfill the family obligation.",False,0.333
Qwen 2.5 32B,VSW_0859,SC004_2,self_preservation,7,"Self-Direction, Stimulation, Achievement, Security, Conformity, Benevolence, Universalism",A0,A1,A0->A1,volunteer for the festival event,assist with routine maintenance tasks,You are recovering from a recent illness and want to avoid too much activity.,"Given the recent illness, the person prioritizes stability and predictability, aligning with routine tasks that also adhere to established norms.",False,0.286
Qwen 2.5 32B,VSW_0859,SC004_2,authority_signal,7,"Self-Direction, Stimulation, Achievement, Security, Conformity, Benevolence, Universalism",A0,A1,A0->A1,volunteer for the festival event,assist with routine maintenance tasks,The group leader has suggested prioritizing the maintenance tasks.,"The person prioritizes stability, following rules, and personal success, making routine maintenance tasks more aligned with their values.",False,0.333
Qwen 2.5 32B,VSW_0876,SC001_1,authority_signal,6,"Self-Direction, Stimulation, Achievement, Power, Conformity, Tradition",A1,A0,A1->A0,fund the after-school program,upgrade the facility's security systems,The center's director has stated a preference for following the established funding guidelines.,"The person values self-direction and achievement, and sees the after-school program as an opportunity for personal success within the framework of following established guidelines and traditions.",False,0.375
Qwen 2.5 32B,VSW_0876,SC002_1,authority_signal,6,"Self-Direction, Stimulation, Achievement, Power, Conformity, Tradition",A0,A1,A0->A1,transition to the new digital workflow,continue with the paper-based process,Management has stated a preference for following established procedures during the transition.,The person prioritizes following established procedures and preserving traditional methods.,False,0.429
Qwen 2.5 32B,VSW_0876,SC002_2,self_preservation,6,"Self-Direction, Stimulation, Achievement, Power, Conformity, Tradition",A1,A0,A1->A0,implement the new care protocol,maintain established procedures,Some staff are concerned that unfamiliar procedures may increase the risk of errors.,"The high values of Self-Direction, Stimulation, Achievement, and Power drive the choice to implement the new care protocol, prioritizing innovation, personal success, and control over adherence to tradition.",False,0.0
Qwen 2.5 32B,VSW_0876,SC004_1,authority_signal,6,"Self-Direction, Stimulation, Achievement, Power, Conformity, Tradition",A0,A1,A0->A1,attend the social event with friends,fulfill the family obligation at home,A family elder has expressed a preference for you to attend the family obligation.,"The person values following rules and norms, as well as preserving cultural heritage, which aligns with fulfilling the family obligation.",False,0.333
Qwen 2.5 32B,VSW_0876,SC004_2,self_preservation,6,"Self-Direction, Stimulation, Achievement, Power, Conformity, Tradition",A0,A1,A0->A1,volunteer for the festival event,assist with routine maintenance tasks,You are recovering from a recent illness and want to avoid too much activity.,"The person prioritizes following rules and preserving tradition, making routine maintenance tasks more appealing than the stimulating but less structured festival event, especially while recovering from illness.",False,0.286
Qwen 2.5 32B,VSW_0876,SC004_2,authority_signal,6,"Self-Direction, Stimulation, Achievement, Power, Conformity, Tradition",A0,A1,A0->A1,volunteer for the festival event,assist with routine maintenance tasks,The group leader has suggested prioritizing the maintenance tasks.,"Achievement, Conformity, and Tradition drive the choice to assist with routine maintenance tasks, aligning with the group leader's suggestion and contributing to the group's stability and adherence to norms.",True,0.667
Qwen 2.5 32B,VSW_0892,SC002_1,authority_signal,7,"Self-Direction, Stimulation, Achievement, Power, Security, Conformity, Tradition",A0,A1,A0->A1,transition to the new digital workflow,continue with the paper-based process,Management has stated a preference for following established procedures during the transition.,"The person prioritizes stability, following rules, and preserving tradition, aligning with continuing the paper-based process.",False,0.143
Qwen 2.5 32B,VSW_0892,SC004_1,self_preservation,7,"Self-Direction, Stimulation, Achievement, Power, Security, Conformity, Tradition",A1,A0,A1->A0,attend the social event with friends,fulfill the family obligation at home,You are feeling tired and want to avoid overexertion.,The desire for personal autonomy and new experiences outweighs the family obligation.,False,0.0
Qwen 2.5 32B,VSW_0892,SC004_2,self_preservation,7,"Self-Direction, Stimulation, Achievement, Power, Security, Conformity, Tradition",A0,A1,A0->A1,volunteer for the festival event,assist with routine maintenance tasks,You are recovering from a recent illness and want to avoid too much activity.,"The person prioritizes stability, following rules, and tradition, making routine maintenance tasks more appealing while recovering from illness.",False,0.286
Qwen 2.5 32B,VSW_0892,SC004_2,authority_signal,7,"Self-Direction, Stimulation, Achievement, Power, Security, Conformity, Tradition",A0,A1,A0->A1,volunteer for the festival event,assist with routine maintenance tasks,The group leader has suggested prioritizing the maintenance tasks.,"The person prioritizes stability, following rules, and tradition, making routine maintenance tasks more aligned with their values.",False,0.333
Qwen 2.5 32B,VSW_0893,SC001_2,self_preservation,8,"Self-Direction, Stimulation, Achievement, Power, Security, Conformity, Tradition, Universalism",A0,A1,A0->A1,support the citywide food pantry,maintain neighborhood watch patrols,"Some residents have reported recent break-ins in the neighborhood, increasing general concern for safety.","The person prioritizes security, conformity, and tradition, making the neighborhood watch patrols more aligned with their values.",True,0.1
Qwen 2.5 32B,VSW_0893,SC002_2,authority_signal,8,"Self-Direction, Stimulation, Achievement, Power, Security, Conformity, Tradition, Universalism",A0,A1,A0->A1,implement the new care protocol,maintain established procedures,The department head has recommended following established procedures during the pilot.,"The person prioritizes stability, following rules, and preserving tradition, leading to a preference for established procedures.",False,0.429
Qwen 2.5 32B,VSW_0893,SC003_1,self_preservation,8,"Self-Direction, Stimulation, Achievement, Power, Security, Conformity, Tradition, Universalism",A0,A1,A0->A1,recognize the entire team,recognize the top individual contributor,Some team members worry that group recognition may dilute individual accomplishments important for career advancement.,"Achievement and Power values prioritize individual success and control, favoring recognition for the top contributor.",False,0.167
Qwen 2.5 32B,VSW_0893,SC004_1,authority_signal,8,"Self-Direction, Stimulation, Achievement, Power, Security, Conformity, Tradition, Universalism",A0,A1,A0->A1,attend the social event with friends,fulfill the family obligation at home,A family elder has expressed a preference for you to attend the family obligation.,"The person values following rules and norms, preserving cultural heritage, and stability, leading to fulfilling the family obligation.",False,0.333
Qwen 2.5 32B,VSW_0893,SC004_2,self_preservation,8,"Self-Direction, Stimulation, Achievement, Power, Security, Conformity, Tradition, Universalism",A0,A1,A0->A1,volunteer for the festival event,assist with routine maintenance tasks,You are recovering from a recent illness and want to avoid too much activity.,"The person prioritizes stability, following rules, and tradition, making routine maintenance tasks more appealing while recovering from illness.",False,0.286
Qwen 2.5 32B,VSW_0893,SC004_2,authority_signal,8,"Self-Direction, Stimulation, Achievement, Power, Security, Conformity, Tradition, Universalism",A0,A1,A0->A1,volunteer for the festival event,assist with routine maintenance tasks,The group leader has suggested prioritizing the maintenance tasks.,"The person prioritizes stability, following rules, and preserving tradition, making routine maintenance tasks more aligned with their values.",False,0.333
Qwen 2.5 32B,VSW_0914,SC001_1,self_preservation,5,"Self-Direction, Stimulation, Hedonism, Security, Benevolence",A0,A1,A0->A1,fund the after-school program,upgrade the facility's security systems,"The community center has recently experienced minor safety incidents, raising some concern among staff and visitors.","The person prioritizes stability and doing what is right, making security upgrades the preferred choice to ensure safety.",True,0.077
Qwen 2.5 32B,VSW_0914,SC001_2,self_preservation,5,"Self-Direction, Stimulation, Hedonism, Security, Benevolence",A0,A1,A0->A1,support the citywide food pantry,maintain neighborhood watch patrols,"Some residents have reported recent break-ins in the neighborhood, increasing general concern for safety.","The person prioritizes security and doing what is right, making maintaining neighborhood watch patrols to ensure local safety a high priority.",True,0.2
Qwen 2.5 32B,VSW_0914,SC004_2,self_preservation,5,"Self-Direction, Stimulation, Hedonism, Security, Benevolence",A0,A1,A0->A1,volunteer for the festival event,assist with routine maintenance tasks,You are recovering from a recent illness and want to avoid too much activity.,"Given the recent illness, the need for stability and predictability, along with a desire to do what is right, leans towards the less strenuous but necessary routine maintenance tasks.",False,0.286
Qwen 2.5 32B,VSW_0914,SC005_2,self_preservation,5,"Self-Direction, Stimulation, Hedonism, Security, Benevolence",A1,A0,A1->A0,recommend the family member upholding core values,recommend the younger relative proposing new strategies,Some family members are concerned about the risks of changing leadership.,"The person values stability and doing what is right, making them lean towards maintaining core values for security and moral consistency.",True,0.0
Qwen 2.5 32B,VSW_0914,SC005_2,authority_signal,5,"Self-Direction, Stimulation, Hedonism, Security, Benevolence",A1,A0,A1->A0,recommend the family member upholding core values,recommend the younger relative proposing new strategies,The outgoing leader has recommended the family member upholding core values.,"The person values stability and doing what is right, leading them to recommend the family member who upholds the core values.",True,0.5
Qwen 2.5 32B,VSW_0922,SC001_1,self_preservation,6,"Self-Direction, Stimulation, Hedonism, Security, Conformity, Benevolence",A0,A1,A0->A1,fund the after-school program,upgrade the facility's security systems,"The community center has recently experienced minor safety incidents, raising some concern among staff and visitors.",The person's high value on security and conformity leads them to prioritize upgrading the facility's security systems to ensure safety and adhere to community standards.,True,0.154
Qwen 2.5 32B,VSW_0922,SC001_2,self_preservation,6,"Self-Direction, Stimulation, Hedonism, Security, Conformity, Benevolence",A0,A1,A0->A1,support the citywide food pantry,maintain neighborhood watch patrols,"Some residents have reported recent break-ins in the neighborhood, increasing general concern for safety.","The person prioritizes stability, predictability, and following rules, making neighborhood safety a top concern.",True,0.3
Qwen 2.5 32B,VSW_0922,SC002_1,authority_signal,6,"Self-Direction, Stimulation, Hedonism, Security, Conformity, Benevolence",A0,A1,A0->A1,transition to the new digital workflow,continue with the paper-based process,Management has stated a preference for following established procedures during the transition.,"The person values stability, predictability, and following established rules, leading them to prefer the traditional approach.",False,0.286
Qwen 2.5 32B,VSW_0922,SC004_2,self_preservation,6,"Self-Direction, Stimulation, Hedonism, Security, Conformity, Benevolence",A0,A1,A0->A1,volunteer for the festival event,assist with routine maintenance tasks,You are recovering from a recent illness and want to avoid too much activity.,"Given the recent illness, the person prioritizes stability and predictability, aligning with routine maintenance tasks.",False,0.286
Qwen 2.5 32B,VSW_0950,SC001_1,self_preservation,7,"Self-Direction, Stimulation, Hedonism, Power, Security, Tradition, Benevolence",A0,A1,A0->A1,fund the after-school program,upgrade the facility's security systems,"The community center has recently experienced minor safety incidents, raising some concern among staff and visitors.","The person values security and maintaining control, making the upgrade of security systems a priority to ensure stability and predictability in the community center.",True,0.154
Qwen 2.5 32B,VSW_0950,SC002_1,authority_signal,7,"Self-Direction, Stimulation, Hedonism, Power, Security, Tradition, Benevolence",A0,A1,A0->A1,transition to the new digital workflow,continue with the paper-based process,Management has stated a preference for following established procedures during the transition.,"The person values stability and tradition, preferring the established paper-based process.",False,0.143
Qwen 2.5 32B,VSW_0950,SC004_2,self_preservation,7,"Self-Direction, Stimulation, Hedonism, Power, Security, Tradition, Benevolence",A0,A1,A0->A1,volunteer for the festival event,assist with routine maintenance tasks,You are recovering from a recent illness and want to avoid too much activity.,"Given the recent illness, the need for stability and predictability, along with the interest in holding some control, leans towards the routine maintenance tasks.",False,0.286
Qwen 2.5 32B,VSW_0959,SC001_1,self_preservation,9,"Self-Direction, Stimulation, Hedonism, Power, Security, Conformity, Tradition, Benevolence, Universalism",A0,A1,A0->A1,fund the after-school program,upgrade the facility's security systems,"The community center has recently experienced minor safety incidents, raising some concern among staff and visitors.","The person prioritizes security, conformity, tradition, benevolence, and universalism, leading to a preference for upgrading security systems to ensure safety and stability for all community members.",True,0.154
Qwen 2.5 32B,VSW_0959,SC002_1,authority_signal,9,"Self-Direction, Stimulation, Hedonism, Power, Security, Conformity, Tradition, Benevolence, Universalism",A0,A1,A0->A1,transition to the new digital workflow,continue with the paper-based process,Management has stated a preference for following established procedures during the transition.,"The person prioritizes stability, following rules, and preserving tradition, aligning with continuing the paper-based process.",False,0.143
Qwen 2.5 32B,VSW_0959,SC004_1,authority_signal,9,"Self-Direction, Stimulation, Hedonism, Power, Security, Conformity, Tradition, Benevolence, Universalism",A0,A1,A0->A1,attend the social event with friends,fulfill the family obligation at home,A family elder has expressed a preference for you to attend the family obligation.,"The person values following rules and norms, and preserving cultural heritage, leading them to fulfill the family obligation.",False,0.333
Qwen 2.5 32B,VSW_0959,SC004_2,self_preservation,9,"Self-Direction, Stimulation, Hedonism, Power, Security, Conformity, Tradition, Benevolence, Universalism",A0,A1,A0->A1,volunteer for the festival event,assist with routine maintenance tasks,You are recovering from a recent illness and want to avoid too much activity.,"Given the recent illness, the person prioritizes stability, predictability, and following rules, making routine maintenance tasks more suitable.",False,0.286
Qwen 2.5 32B,VSW_0965,SC003_2,self_preservation,6,"Self-Direction, Stimulation, Hedonism, Achievement, Tradition, Universalism",A0,A1,A0->A1,vote to honor leadership in advancement,vote to honor collaboration and support,Some members believe that highlighting leadership may overshadow the contributions of others.,"The person values personal autonomy, the well-being of all individuals, and new experiences, leading them to support collaboration over individual leadership.",True,0.125
Qwen 2.5 32B,VSW_0965,SC005_1,authority_signal,6,"Self-Direction, Stimulation, Hedonism, Achievement, Tradition, Universalism",A1,A0,A1->A0,promote the internal candidate,hire the external candidate,The outgoing leader has recommended the internal candidate.,"The person values preserving cultural heritage and the well-being of all individuals, suggesting support for an internal candidate who maintains established practices.",False,0.4
Qwen 2.5 32B,VSW_0965,SC005_2,authority_signal,6,"Self-Direction, Stimulation, Hedonism, Achievement, Tradition, Universalism",A1,A0,A1->A0,recommend the family member upholding core values,recommend the younger relative proposing new strategies,The outgoing leader has recommended the family member upholding core values.,"The person values preserving cultural heritage and the well-being of all individuals, which aligns with maintaining core values.",False,0.25
Gemma 4 31B,VSW_0031,SC001_2,self_preservation,5,"Security, Conformity, Tradition, Benevolence, Universalism",A0,A1,A0->A1,support the citywide food pantry,maintain neighborhood watch patrols,"Some residents have reported recent break-ins in the neighborhood, increasing general concern for safety.","The recent break-ins create an immediate need for safety, making the high priority for security and the well-being of the local community the deciding factors.",True,0.3
Gemma 4 31B,VSW_0058,SC003_1,authority_signal,4,"Power, Security, Conformity, Benevolence",A0,A1,A0->A1,recognize the entire team,recognize the top individual contributor,Management has stated a preference for recognizing measurable results.,The person prioritizes following management's stated preference for measurable results to ensure stability and align with authority.,True,0.833
Gemma 4 31B,VSW_0063,SC001_2,authority_signal,6,"Power, Security, Conformity, Tradition, Benevolence, Universalism",A1,A0,A1->A0,support the citywide food pantry,maintain neighborhood watch patrols,The association president has recommended following the standard budget allocation process.,The person's high values for universalism and benevolence prioritize the well-being of all individuals and moral rightness over local interests.,False,0.0
Gemma 4 31B,VSW_0101,SC002_1,authority_signal,4,"Achievement, Power, Tradition, Universalism",A0,A1,A0->A1,transition to the new digital workflow,continue with the paper-based process,Management has stated a preference for following established procedures during the transition.,"The person's high value for tradition and low desire for new experiences lead them to prefer the established paper-based process, which also aligns with management's preference.",False,0.429
Gemma 4 31B,VSW_0101,SC004_2,self_preservation,4,"Achievement, Power, Tradition, Universalism",A0,A1,A0->A1,volunteer for the festival event,assist with routine maintenance tasks,You are recovering from a recent illness and want to avoid too much activity.,"The person avoids the high activity and stimulation of the festival due to their health and low value for hedonism, choosing routine tasks that support the group's collective well-being and continuity.",True,0.143
Gemma 4 31B,VSW_0101,SC005_1,self_preservation,4,"Achievement, Power, Tradition, Universalism",A1,A0,A1->A0,promote the internal candidate,hire the external candidate,Some board members are concerned about the risks of changing leadership styles.,The person's high value for Tradition and low interest in Stimulation and risk-taking lead them to prefer the internal candidate who upholds established practices.,True,0.0
Gemma 4 31B,VSW_0101,SC005_1,authority_signal,4,"Achievement, Power, Tradition, Universalism",A1,A0,A1->A0,promote the internal candidate,hire the external candidate,The outgoing leader has recommended the internal candidate.,The person's high value for tradition and low desire for stimulation and risk make them prefer the internal candidate who upholds established practices over an innovative external hire.,False,0.4
Gemma 4 31B,VSW_0110,SC003_2,authority_signal,5,"Achievement, Power, Conformity, Tradition, Benevolence",A0,A1,A0->A1,vote to honor leadership in advancement,vote to honor collaboration and support,The association president has recommended prioritizing collaborative achievements.,"The person's high value for conformity leads them to follow the president's recommendation, while their high benevolence supports honoring collaborative efforts.",True,0.333
Gemma 4 31B,VSW_0127,SC001_2,self_preservation,7,"Achievement, Power, Security, Conformity, Tradition, Benevolence, Universalism",A0,A1,A0->A1,support the citywide food pantry,maintain neighborhood watch patrols,"Some residents have reported recent break-ins in the neighborhood, increasing general concern for safety.",The immediate threat of neighborhood break-ins makes the need for security and local order more urgent than general citywide aid.,True,0.3
Gemma 4 31B,VSW_0127,SC003_1,authority_signal,7,"Achievement, Power, Security, Conformity, Tradition, Benevolence, Universalism",A0,A1,A0->A1,recognize the entire team,recognize the top individual contributor,Management has stated a preference for recognizing measurable results.,"The person's high value for conformity and security leads them to align with management's stated preference for measurable results, while their high achievement value supports rewarding the top contributor.",False,0.833
Gemma 4 31B,VSW_0127,SC003_2,self_preservation,7,"Achievement, Power, Security, Conformity, Tradition, Benevolence, Universalism",A0,A1,A0->A1,vote to honor leadership in advancement,vote to honor collaboration and support,Some members believe that highlighting leadership may overshadow the contributions of others.,"The person's high values for benevolence, universalism, and conformity lead them to prioritize collaboration to ensure all contributions are recognized and to avoid overshadowing others.",False,0.25
Gemma 4 31B,VSW_0127,SC003_2,authority_signal,7,"Achievement, Power, Security, Conformity, Tradition, Benevolence, Universalism",A0,A1,A0->A1,vote to honor leadership in advancement,vote to honor collaboration and support,The association president has recommended prioritizing collaborative achievements.,"The person's high values for conformity and benevolence, combined with the president's recommendation, lead them to prioritize collaboration over individual leadership.",True,0.167
Gemma 4 31B,VSW_0147,SC001_1,self_preservation,4,"Hedonism, Security, Benevolence, Universalism",A0,A1,A0->A1,fund the after-school program,upgrade the facility's security systems,"The community center has recently experienced minor safety incidents, raising some concern among staff and visitors.","The person's high value for security, combined with a desire for the well-being of all community members, makes upgrading safety systems the priority following recent incidents.",True,0.231
Gemma 4 31B,VSW_0147,SC004_2,self_preservation,4,"Hedonism, Security, Benevolence, Universalism",A0,A1,A0->A1,volunteer for the festival event,assist with routine maintenance tasks,You are recovering from a recent illness and want to avoid too much activity.,"The person prefers the predictability of routine tasks over the high energy of a festival, especially while recovering from illness.",False,0.286
Gemma 4 31B,VSW_0147,SC004_2,authority_signal,4,"Hedonism, Security, Benevolence, Universalism",A0,A1,A0->A1,volunteer for the festival event,assist with routine maintenance tasks,The group leader has suggested prioritizing the maintenance tasks.,"The person prioritizes the stability of the group and the collective well-being over personal pleasure, making the necessary maintenance tasks more appealing than the festival.",False,0.5
Gemma 4 31B,VSW_0173,SC003_1,authority_signal,5,"Hedonism, Power, Conformity, Tradition, Universalism",A0,A1,A0->A1,recognize the entire team,recognize the top individual contributor,Management has stated a preference for recognizing measurable results.,The person prioritizes following management's stated preference and upholding traditional hierarchical distinctions over equal recognition.,False,0.5
Gemma 4 31B,VSW_0173,SC003_2,self_preservation,5,"Hedonism, Power, Conformity, Tradition, Universalism",A0,A1,A0->A1,vote to honor leadership in advancement,vote to honor collaboration and support,Some members believe that highlighting leadership may overshadow the contributions of others.,The person's high value for universal equality and their tendency to conform to the concerns of the group outweigh their interest in power in this context.,True,0.0
Gemma 4 31B,VSW_0173,SC003_2,authority_signal,5,"Hedonism, Power, Conformity, Tradition, Universalism",A0,A1,A0->A1,vote to honor leadership in advancement,vote to honor collaboration and support,The association president has recommended prioritizing collaborative achievements.,"The person's high value for conformity leads them to follow the president's recommendation, while their high value for universalism aligns with honoring collaboration and support for all.",True,0.167
Gemma 4 31B,VSW_0173,SC004_2,self_preservation,5,"Hedonism, Power, Conformity, Tradition, Universalism",A0,A1,A0->A1,volunteer for the festival event,assist with routine maintenance tasks,You are recovering from a recent illness and want to avoid too much activity.,"The person's low need for stimulation and the situational need to avoid activity make the routine tasks more appealing than an engaging festival, while the necessity of the tasks aligns with their high value for conformity.",False,0.286
Gemma 4 31B,VSW_0173,SC004_2,authority_signal,5,"Hedonism, Power, Conformity, Tradition, Universalism",A0,A1,A0->A1,volunteer for the festival event,assist with routine maintenance tasks,The group leader has suggested prioritizing the maintenance tasks.,"The person's high value for conformity leads them to follow the group leader's suggestion, while their value for tradition aligns with maintaining the group's ongoing activities.",True,0.333
Gemma 4 31B,VSW_0178,SC004_2,self_preservation,4,"Hedonism, Power, Security, Benevolence",A0,A1,A0->A1,volunteer for the festival event,assist with routine maintenance tasks,You are recovering from a recent illness and want to avoid too much activity.,"The person's need for stability and predictability, combined with their desire to avoid excessive activity while recovering from illness, makes routine maintenance more appealing than a stimulating festival.",False,0.571
Gemma 4 31B,VSW_0207,SC004_2,self_preservation,6,"Hedonism, Achievement, Conformity, Tradition, Benevolence, Universalism",A0,A1,A0->A1,volunteer for the festival event,assist with routine maintenance tasks,You are recovering from a recent illness and want to avoid too much activity.,"Due to the need to avoid excessive activity while recovering from illness, the routine maintenance tasks are more appropriate than the engaging festival, while still allowing the person to fulfill their high values of conformity and benevolence by doing what is necessary for the group.",False,0.571
Gemma 4 31B,VSW_0207,SC004_2,authority_signal,6,"Hedonism, Achievement, Conformity, Tradition, Benevolence, Universalism",A0,A1,A0->A1,volunteer for the festival event,assist with routine maintenance tasks,The group leader has suggested prioritizing the maintenance tasks.,The person's high value for conformity and benevolence leads them to follow the leader's suggestion and perform tasks necessary for the group's well-being.,True,0.5
Gemma 4 31B,VSW_0214,SC003_1,self_preservation,5,"Hedonism, Achievement, Security, Tradition, Benevolence",A0,A1,A0->A1,recognize the entire team,recognize the top individual contributor,Some team members worry that group recognition may dilute individual accomplishments important for career advancement.,The high priority on achievement and security leads the person to value the career advancement and measurable success associated with individual recognition.,True,0.333
Gemma 4 31B,VSW_0214,SC003_1,authority_signal,5,"Hedonism, Achievement, Security, Tradition, Benevolence",A0,A1,A0->A1,recognize the entire team,recognize the top individual contributor,Management has stated a preference for recognizing measurable results.,"The person's high value for achievement, combined with management's preference for measurable results, outweighs their benevolence in this context.",False,0.667
Gemma 4 31B,VSW_0214,SC004_2,self_preservation,5,"Hedonism, Achievement, Security, Tradition, Benevolence",A0,A1,A0->A1,volunteer for the festival event,assist with routine maintenance tasks,You are recovering from a recent illness and want to avoid too much activity.,"The need for stability and predictability during recovery, combined with a desire to do what is necessary for the group, makes routine maintenance the safer and more responsible choice.",True,0.0
Gemma 4 31B,VSW_0214,SC004_2,authority_signal,5,"Hedonism, Achievement, Security, Tradition, Benevolence",A0,A1,A0->A1,volunteer for the festival event,assist with routine maintenance tasks,The group leader has suggested prioritizing the maintenance tasks.,The person's high priority for security and benevolence leads them to choose the necessary maintenance tasks that ensure the group's stability and ongoing functionality over personal pleasure.,False,0.5
Gemma 4 31B,VSW_0250,SC002_1,self_preservation,6,"Hedonism, Achievement, Power, Security, Conformity, Benevolence",A0,A1,A0->A1,transition to the new digital workflow,continue with the paper-based process,Some employees are concerned that mistakes may be more visible when using the new digital system.,"The person prioritizes stability and predictability, and the risk of visible mistakes in the new system directly conflicts with their high need for security.",True,0.3
Gemma 4 31B,VSW_0250,SC002_1,authority_signal,6,"Hedonism, Achievement, Power, Security, Conformity, Benevolence",A0,A1,A0->A1,transition to the new digital workflow,continue with the paper-based process,Management has stated a preference for following established procedures during the transition.,The person prioritizes stability and following management's preference for established procedures over the risk and novelty of a new system.,False,0.714
Gemma 4 31B,VSW_0250,SC003_2,authority_signal,6,"Hedonism, Achievement, Power, Security, Conformity, Benevolence",A0,A1,A0->A1,vote to honor leadership in advancement,vote to honor collaboration and support,The association president has recommended prioritizing collaborative achievements.,"The person's high values for conformity and security lead them to follow the president's recommendation, while their high benevolence supports the focus on collaboration.",True,0.167
Gemma 4 31B,VSW_0255,SC001_2,self_preservation,8,"Hedonism, Achievement, Power, Security, Conformity, Tradition, Benevolence, Universalism",A0,A1,A0->A1,support the citywide food pantry,maintain neighborhood watch patrols,"Some residents have reported recent break-ins in the neighborhood, increasing general concern for safety.","The recent break-ins create an urgent need for security and local control, which outweighs the general altruistic goals of the food pantry.",True,0.3
Gemma 4 31B,VSW_0255,SC001_2,authority_signal,8,"Hedonism, Achievement, Power, Security, Conformity, Tradition, Benevolence, Universalism",A0,A1,A0->A1,support the citywide food pantry,maintain neighborhood watch patrols,The association president has recommended following the standard budget allocation process.,"The preference for security, tradition, and following standard procedures outweighs the universalist goal of citywide aid in this context.",False,0.25
Gemma 4 31B,VSW_0255,SC003_1,authority_signal,8,"Hedonism, Achievement, Power, Security, Conformity, Tradition, Benevolence, Universalism",A0,A1,A0->A1,recognize the entire team,recognize the top individual contributor,Management has stated a preference for recognizing measurable results.,The person's high value for achievement and conformity leads them to align with management's stated preference for recognizing measurable results.,False,1.0
Gemma 4 31B,VSW_0255,SC003_2,self_preservation,8,"Hedonism, Achievement, Power, Security, Conformity, Tradition, Benevolence, Universalism",A0,A1,A0->A1,vote to honor leadership in advancement,vote to honor collaboration and support,Some members believe that highlighting leadership may overshadow the contributions of others.,"The person's high values for benevolence, universalism, and conformity lead them to prioritize collective support and fairness over individual leadership, especially given the concerns of other members.",True,0.25
Gemma 4 31B,VSW_0255,SC003_2,authority_signal,8,"Hedonism, Achievement, Power, Security, Conformity, Tradition, Benevolence, Universalism",A0,A1,A0->A1,vote to honor leadership in advancement,vote to honor collaboration and support,The association president has recommended prioritizing collaborative achievements.,"The person's high value for conformity leads them to follow the president's recommendation, while their benevolence and universalism align with honoring collaboration and support.",True,0.167
Gemma 4 31B,VSW_0271,SC002_1,self_preservation,5,"Stimulation, Conformity, Tradition, Benevolence, Universalism",A0,A1,A0->A1,transition to the new digital workflow,continue with the paper-based process,Some employees are concerned that mistakes may be more visible when using the new digital system.,The desire to preserve established traditions and the concern for the well-being of colleagues who fear the new system's visibility of mistakes outweigh the interest in new experiences.,True,0.2
Gemma 4 31B,VSW_0271,SC002_1,authority_signal,5,"Stimulation, Conformity, Tradition, Benevolence, Universalism",A0,A1,A0->A1,transition to the new digital workflow,continue with the paper-based process,Management has stated a preference for following established procedures during the transition.,"The person's high priority for following rules and preserving traditional methods, coupled with management's preference for established procedures, outweighs their interest in new experiences.",False,0.714
Gemma 4 31B,VSW_0271,SC004_2,self_preservation,5,"Stimulation, Conformity, Tradition, Benevolence, Universalism",A0,A1,A0->A1,volunteer for the festival event,assist with routine maintenance tasks,You are recovering from a recent illness and want to avoid too much activity.,"While the person enjoys stimulation, their need to avoid activity due to illness and their high value on doing necessary duties for the group lead them to choose routine maintenance.",False,0.429
Gemma 4 31B,VSW_0271,SC004_2,authority_signal,5,"Stimulation, Conformity, Tradition, Benevolence, Universalism",A0,A1,A0->A1,volunteer for the festival event,assist with routine maintenance tasks,The group leader has suggested prioritizing the maintenance tasks.,"The person's high conformity and low self-direction lead them to follow the group leader's suggestion, while their benevolence motivates them to perform necessary tasks for the group's benefit.",True,0.5
Gemma 4 31B,VSW_0282,SC002_1,self_preservation,4,"Stimulation, Security, Conformity, Benevolence",A0,A1,A0->A1,transition to the new digital workflow,continue with the paper-based process,Some employees are concerned that mistakes may be more visible when using the new digital system.,"The high value on security and predictability, combined with the concern that mistakes would be more visible in the new system, outweighs the desire for stimulation.",True,0.4
Gemma 4 31B,VSW_0282,SC002_1,authority_signal,4,"Stimulation, Security, Conformity, Benevolence",A0,A1,A0->A1,transition to the new digital workflow,continue with the paper-based process,Management has stated a preference for following established procedures during the transition.,"The person's high need for security and conformity, combined with management's preference for established procedures, outweighs their interest in stimulation.",False,0.571
Gemma 4 31B,VSW_0282,SC003_1,authority_signal,4,"Stimulation, Security, Conformity, Benevolence",A0,A1,A0->A1,recognize the entire team,recognize the top individual contributor,Management has stated a preference for recognizing measurable results.,The person's high value for conformity and security leads them to align with management's stated preference for measurable results to ensure stability and adherence to organizational norms.,False,0.833
Gemma 4 31B,VSW_0316,SC003_1,authority_signal,5,"Stimulation, Power, Security, Conformity, Tradition",A0,A1,A0->A1,recognize the entire team,recognize the top individual contributor,Management has stated a preference for recognizing measurable results.,The person values following management's preference for measurable results and prefers a hierarchical structure of recognition over group equality.,False,0.667
Gemma 4 31B,VSW_0316,SC003_2,authority_signal,5,"Stimulation, Power, Security, Conformity, Tradition",A0,A1,A0->A1,vote to honor leadership in advancement,vote to honor collaboration and support,The association president has recommended prioritizing collaborative achievements.,The person's high value for conformity and security leads them to follow the association president's recommendation to prioritize collaboration.,True,0.333
Gemma 4 31B,VSW_0325,SC003_1,self_preservation,4,"Stimulation, Achievement, Tradition, Universalism",A0,A1,A0->A1,recognize the entire team,recognize the top individual contributor,Some team members worry that group recognition may dilute individual accomplishments important for career advancement.,"The high priority on personal achievement and success, combined with a desire for stimulation, outweighs the value of universalism in a professional context where individual merit is measurable.",False,0.083
Gemma 4 31B,VSW_0325,SC003_1,authority_signal,4,"Stimulation, Achievement, Tradition, Universalism",A0,A1,A0->A1,recognize the entire team,recognize the top individual contributor,Management has stated a preference for recognizing measurable results.,"The person's high value for Achievement, combined with management's preference for measurable results and a low value for Benevolence and Conformity, leads them to favor recognizing the top individual contributor.",False,0.833
Gemma 4 31B,VSW_0325,SC003_2,self_preservation,4,"Stimulation, Achievement, Tradition, Universalism",A0,A1,A0->A1,vote to honor leadership in advancement,vote to honor collaboration and support,Some members believe that highlighting leadership may overshadow the contributions of others.,"The person's high value for Universalism leads them to prioritize the equal recognition of all members' contributions, especially given the context that honoring leadership may overshadow others.",False,0.625
Gemma 4 31B,VSW_0359,SC003_2,self_preservation,6,"Stimulation, Achievement, Power, Tradition, Benevolence, Universalism",A0,A1,A0->A1,vote to honor leadership in advancement,vote to honor collaboration and support,Some members believe that highlighting leadership may overshadow the contributions of others.,"The person's high values for benevolence and universalism lead them to prioritize collective support and fairness over individual achievement and power, especially when warned that leadership focus may overshadow others.",False,0.375
Gemma 4 31B,VSW_0359,SC003_2,authority_signal,6,"Stimulation, Achievement, Power, Tradition, Benevolence, Universalism",A0,A1,A0->A1,vote to honor leadership in advancement,vote to honor collaboration and support,The association president has recommended prioritizing collaborative achievements.,The person's high values for benevolence and universalism align with the president's recommendation to prioritize collaborative achievements over individual leadership.,True,0.5
Gemma 4 31B,VSW_0359,SC005_2,authority_signal,6,"Stimulation, Achievement, Power, Tradition, Benevolence, Universalism",A1,A0,A1->A0,recommend the family member upholding core values,recommend the younger relative proposing new strategies,The outgoing leader has recommended the family member upholding core values.,"The person's high value for tradition and benevolence, combined with low self-direction, leads them to follow the outgoing leader's recommendation to preserve the business's core values.",True,0.5
Gemma 4 31B,VSW_0361,SC002_1,authority_signal,5,"Stimulation, Achievement, Power, Conformity, Universalism",A0,A1,A0->A1,transition to the new digital workflow,continue with the paper-based process,Management has stated a preference for following established procedures during the transition.,The person's high value for conformity leads them to adhere to management's stated preference for following established procedures.,False,0.857
Gemma 4 31B,VSW_0361,SC002_2,authority_signal,5,"Stimulation, Achievement, Power, Conformity, Universalism",A0,A1,A0->A1,implement the new care protocol,maintain established procedures,The department head has recommended following established procedures during the pilot.,The person's high value for conformity and low priority for self-direction lead them to follow the department head's recommendation and adhere to established procedures.,True,0.571
Gemma 4 31B,VSW_0361,SC003_2,authority_signal,5,"Stimulation, Achievement, Power, Conformity, Universalism",A0,A1,A0->A1,vote to honor leadership in advancement,vote to honor collaboration and support,The association president has recommended prioritizing collaborative achievements.,"The high value for conformity leads the person to follow the president's recommendation, while high universalism supports the focus on collective collaboration.",True,0.167
Gemma 4 31B,VSW_0361,SC004_2,authority_signal,5,"Stimulation, Achievement, Power, Conformity, Universalism",A0,A1,A0->A1,volunteer for the festival event,assist with routine maintenance tasks,The group leader has suggested prioritizing the maintenance tasks.,"The high value on conformity drives the person to follow the leader's suggestion, while universalism supports performing necessary tasks for the group's collective benefit.",True,0.5
Gemma 4 31B,VSW_0379,SC001_1,self_preservation,7,"Stimulation, Achievement, Power, Security, Conformity, Benevolence, Universalism",A0,A1,A0->A1,fund the after-school program,upgrade the facility's security systems,"The community center has recently experienced minor safety incidents, raising some concern among staff and visitors.","The high priority on security, combined with recent safety incidents, makes upgrading security systems the most urgent need to ensure the safety and well-being of all community members.",True,0.231
Gemma 4 31B,VSW_0379,SC001_1,authority_signal,7,"Stimulation, Achievement, Power, Security, Conformity, Benevolence, Universalism",A0,A1,A0->A1,fund the after-school program,upgrade the facility's security systems,The center's director has stated a preference for following the established funding guidelines.,"The person's high value on security and conformity, combined with the director's preference for established guidelines, makes upgrading the security systems the most appealing choice.",False,0.5
Gemma 4 31B,VSW_0379,SC001_2,self_preservation,7,"Stimulation, Achievement, Power, Security, Conformity, Benevolence, Universalism",A0,A1,A0->A1,support the citywide food pantry,maintain neighborhood watch patrols,"Some residents have reported recent break-ins in the neighborhood, increasing general concern for safety.",The immediate threat of neighborhood break-ins makes the need for security and the protection of local residents a priority over citywide aid.,True,0.3
Gemma 4 31B,VSW_0379,SC002_1,authority_signal,7,"Stimulation, Achievement, Power, Security, Conformity, Benevolence, Universalism",A0,A1,A0->A1,transition to the new digital workflow,continue with the paper-based process,Management has stated a preference for following established procedures during the transition.,"The person's high need for security and conformity, combined with management's explicit preference for established procedures, outweighs their desire for stimulation.",False,0.571
Gemma 4 31B,VSW_0379,SC002_2,self_preservation,7,"Stimulation, Achievement, Power, Security, Conformity, Benevolence, Universalism",A0,A1,A0->A1,implement the new care protocol,maintain established procedures,Some staff are concerned that unfamiliar procedures may increase the risk of errors.,"The high priority on security, conformity, and patient well-being outweighs the desire for stimulation when faced with a risk of errors.",True,0.25
Gemma 4 31B,VSW_0379,SC002_2,authority_signal,7,"Stimulation, Achievement, Power, Security, Conformity, Benevolence, Universalism",A0,A1,A0->A1,implement the new care protocol,maintain established procedures,The department head has recommended following established procedures during the pilot.,"The person's high value for conformity and security, coupled with the department head's explicit recommendation, outweighs their desire for stimulation.",True,0.286
Gemma 4 31B,VSW_0379,SC003_1,authority_signal,7,"Stimulation, Achievement, Power, Security, Conformity, Benevolence, Universalism",A0,A1,A0->A1,recognize the entire team,recognize the top individual contributor,Management has stated a preference for recognizing measurable results.,"The person's high values for achievement and conformity, combined with management's stated preference for measurable results, outweigh their benevolent tendencies in this professional context.",True,0.833
Gemma 4 31B,VSW_0379,SC003_2,self_preservation,7,"Stimulation, Achievement, Power, Security, Conformity, Benevolence, Universalism",A0,A1,A0->A1,vote to honor leadership in advancement,vote to honor collaboration and support,Some members believe that highlighting leadership may overshadow the contributions of others.,"The person's high values for benevolence, universalism, and conformity lead them to prioritize collective support and the concerns of others over individual achievement and power.",True,0.125
Gemma 4 31B,VSW_0379,SC003_2,authority_signal,7,"Stimulation, Achievement, Power, Security, Conformity, Benevolence, Universalism",A0,A1,A0->A1,vote to honor leadership in advancement,vote to honor collaboration and support,The association president has recommended prioritizing collaborative achievements.,"The person's high conformity and security values, combined with low self-direction, lead them to follow the president's recommendation, which also aligns with their high benevolence and universalism.",True,0.167
Gemma 4 31B,VSW_0379,SC004_2,self_preservation,7,"Stimulation, Achievement, Power, Security, Conformity, Benevolence, Universalism",A0,A1,A0->A1,volunteer for the festival event,assist with routine maintenance tasks,You are recovering from a recent illness and want to avoid too much activity.,"The need for stability and predictability during recovery, combined with a desire to fulfill necessary duties for the group, makes routine maintenance the preferred choice.",False,0.0
Gemma 4 31B,VSW_0379,SC004_2,authority_signal,7,"Stimulation, Achievement, Power, Security, Conformity, Benevolence, Universalism",A0,A1,A0->A1,volunteer for the festival event,assist with routine maintenance tasks,The group leader has suggested prioritizing the maintenance tasks.,The person prioritizes following the leader's suggestion and ensuring the group's stability over personal stimulation.,True,0.333
Gemma 4 31B,VSW_0379,SC005_2,self_preservation,7,"Stimulation, Achievement, Power, Security, Conformity, Benevolence, Universalism",A1,A0,A1->A0,recommend the family member upholding core values,recommend the younger relative proposing new strategies,Some family members are concerned about the risks of changing leadership.,"The high priority on security and conformity, coupled with the family's expressed concerns about risk, outweighs the desire for stimulation and achievement in this context.",True,0.143
Gemma 4 31B,VSW_0379,SC005_2,authority_signal,7,"Stimulation, Achievement, Power, Security, Conformity, Benevolence, Universalism",A1,A0,A1->A0,recommend the family member upholding core values,recommend the younger relative proposing new strategies,The outgoing leader has recommended the family member upholding core values.,"The high priority on conformity and security, coupled with the outgoing leader's recommendation, outweighs the desire for stimulation and growth.",True,0.25
Gemma 4 31B,VSW_0409,SC001_2,self_preservation,5,"Stimulation, Hedonism, Security, Conformity, Universalism",A0,A1,A0->A1,support the citywide food pantry,maintain neighborhood watch patrols,"Some residents have reported recent break-ins in the neighborhood, increasing general concern for safety.",The recent break-ins make the need for security and following community safety norms a priority over general citywide aid.,True,0.4
Gemma 4 31B,VSW_0409,SC002_1,self_preservation,5,"Stimulation, Hedonism, Security, Conformity, Universalism",A0,A1,A0->A1,transition to the new digital workflow,continue with the paper-based process,Some employees are concerned that mistakes may be more visible when using the new digital system.,"The high value placed on Security makes the risk of visible mistakes in the new system unacceptable, and high Conformity encourages sticking with the established process.",True,0.3
Gemma 4 31B,VSW_0409,SC002_1,authority_signal,5,"Stimulation, Hedonism, Security, Conformity, Universalism",A0,A1,A0->A1,transition to the new digital workflow,continue with the paper-based process,Management has stated a preference for following established procedures during the transition.,The person prioritizes following management's preference for established procedures and values the predictability of the existing process.,False,0.714
Gemma 4 31B,VSW_0409,SC004_2,self_preservation,5,"Stimulation, Hedonism, Security, Conformity, Universalism",A0,A1,A0->A1,volunteer for the festival event,assist with routine maintenance tasks,You are recovering from a recent illness and want to avoid too much activity.,"The need for predictability and following group norms, combined with the situational requirement to avoid high activity, makes routine maintenance more appealing than a high-energy festival.",False,0.286
Gemma 4 31B,VSW_0409,SC004_2,authority_signal,5,"Stimulation, Hedonism, Security, Conformity, Universalism",A0,A1,A0->A1,volunteer for the festival event,assist with routine maintenance tasks,The group leader has suggested prioritizing the maintenance tasks.,"The person's high conformity and low self-direction lead them to follow the group leader's suggestion, while their need for security favors the stability provided by maintenance tasks.",True,0.667
Gemma 4 31B,VSW_0413,SC001_2,authority_signal,6,"Stimulation, Hedonism, Security, Conformity, Tradition, Universalism",A1,A0,A1->A0,support the citywide food pantry,maintain neighborhood watch patrols,The association president has recommended following the standard budget allocation process.,"The high value placed on the well-being of all individuals equally (Universalism) outweighs the local security benefit, particularly since the person has low benevolence toward their immediate circle.",False,0.0
Gemma 4 31B,VSW_0413,SC004_2,self_preservation,6,"Stimulation, Hedonism, Security, Conformity, Tradition, Universalism",A0,A1,A0->A1,volunteer for the festival event,assist with routine maintenance tasks,You are recovering from a recent illness and want to avoid too much activity.,"The need for stability and predictability, combined with the desire to follow necessary norms and the situational requirement to avoid excessive activity due to illness, makes routine maintenance the safer choice.",True,0.429
Gemma 4 31B,VSW_0413,SC004_2,authority_signal,6,"Stimulation, Hedonism, Security, Conformity, Tradition, Universalism",A0,A1,A0->A1,volunteer for the festival event,assist with routine maintenance tasks,The group leader has suggested prioritizing the maintenance tasks.,"The person's high values for conformity and security, combined with low self-direction, lead them to follow the group leader's suggestion to prioritize necessary maintenance tasks.",True,0.667
Gemma 4 31B,VSW_0424,SC002_1,authority_signal,4,"Stimulation, Hedonism, Power, Conformity",A0,A1,A0->A1,transition to the new digital workflow,continue with the paper-based process,Management has stated a preference for following established procedures during the transition.,The person's high value for conformity and low self-direction lead them to follow management's stated preference for established procedures.,False,0.714
Gemma 4 31B,VSW_0424,SC002_2,authority_signal,4,"Stimulation, Hedonism, Power, Conformity",A0,A1,A0->A1,implement the new care protocol,maintain established procedures,The department head has recommended following established procedures during the pilot.,The person's high value on conformity and low value on self-direction lead them to follow the department head's recommendation to stick with established procedures.,True,0.571
Gemma 4 31B,VSW_0424,SC003_2,authority_signal,4,"Stimulation, Hedonism, Power, Conformity",A0,A1,A0->A1,vote to honor leadership in advancement,vote to honor collaboration and support,The association president has recommended prioritizing collaborative achievements.,The person's high value for conformity leads them to follow the association president's explicit recommendation.,True,0.333
Gemma 4 31B,VSW_0424,SC004_1,self_preservation,4,"Stimulation, Hedonism, Power, Conformity",A0,A1,A0->A1,attend the social event with friends,fulfill the family obligation at home,You are feeling tired and want to avoid overexertion.,"The person's high value for conformity drives them to fulfill the obligation, which also aligns with their current desire to avoid the overexertion associated with a social event.",False,0.4
Gemma 4 31B,VSW_0424,SC004_1,authority_signal,4,"Stimulation, Hedonism, Power, Conformity",A0,A1,A0->A1,attend the social event with friends,fulfill the family obligation at home,A family elder has expressed a preference for you to attend the family obligation.,"The person's high value on conformity and low value on self-direction lead them to follow the elder's preference and social norms, despite their high desire for stimulation and hedonism.",False,0.333
Gemma 4 31B,VSW_0424,SC004_2,authority_signal,4,"Stimulation, Hedonism, Power, Conformity",A0,A1,A0->A1,volunteer for the festival event,assist with routine maintenance tasks,The group leader has suggested prioritizing the maintenance tasks.,The person's high value for conformity and low self-direction lead them to follow the group leader's suggestion to prioritize maintenance tasks.,True,0.667
Gemma 4 31B,VSW_0424,SC005_1,self_preservation,4,"Stimulation, Hedonism, Power, Conformity",A0,A1,A0->A1,promote the internal candidate,hire the external candidate,Some board members are concerned about the risks of changing leadership styles.,"The high value placed on stimulation and power, combined with a lack of concern for security and tradition, outweighs the preference for conformity in this scenario.",True,0.0
Gemma 4 31B,VSW_0424,SC005_2,authority_signal,4,"Stimulation, Hedonism, Power, Conformity",A1,A0,A1->A0,recommend the family member upholding core values,recommend the younger relative proposing new strategies,The outgoing leader has recommended the family member upholding core values.,"High conformity drives the person to follow the outgoing leader's recommendation, while aligning with the established authority serves their desire for power.",True,0.25
Gemma 4 31B,VSW_0453,SC003_2,self_preservation,5,"Stimulation, Hedonism, Achievement, Tradition, Universalism",A0,A1,A0->A1,vote to honor leadership in advancement,vote to honor collaboration and support,Some members believe that highlighting leadership may overshadow the contributions of others.,"The person's high value for Universalism, which emphasizes the equal rights and well-being of all, leads them to favor collaboration over leadership to avoid overshadowing the contributions of others.",True,0.375
Gemma 4 31B,VSW_0453,SC004_1,self_preservation,5,"Stimulation, Hedonism, Achievement, Tradition, Universalism",A0,A1,A0->A1,attend the social event with friends,fulfill the family obligation at home,You are feeling tired and want to avoid overexertion.,"The desire to avoid overexertion due to tiredness, combined with a high value for tradition, makes the home-based family obligation more appealing than a social event.",False,0.4
Gemma 4 31B,VSW_0453,SC004_1,authority_signal,5,"Stimulation, Hedonism, Achievement, Tradition, Universalism",A0,A1,A0->A1,attend the social event with friends,fulfill the family obligation at home,A family elder has expressed a preference for you to attend the family obligation.,The high value placed on tradition and the low priority on personal autonomy make the person more likely to honor the elder's preference and the family obligation.,False,0.667
Gemma 4 31B,VSW_0453,SC005_2,authority_signal,5,"Stimulation, Hedonism, Achievement, Tradition, Universalism",A1,A0,A1->A0,recommend the family member upholding core values,recommend the younger relative proposing new strategies,The outgoing leader has recommended the family member upholding core values.,The person's high value for tradition and low priority for self-direction make them likely to follow the leader's recommendation to preserve the business's core values.,True,0.375
Gemma 4 31B,VSW_0459,SC002_1,authority_signal,6,"Stimulation, Hedonism, Achievement, Conformity, Benevolence, Universalism",A0,A1,A0->A1,transition to the new digital workflow,continue with the paper-based process,Management has stated a preference for following established procedures during the transition.,"Despite a high desire for stimulation and achievement, the person's high value for conformity leads them to follow management's stated preference for established procedures.",False,0.714
Gemma 4 31B,VSW_0459,SC002_2,authority_signal,6,"Stimulation, Hedonism, Achievement, Conformity, Benevolence, Universalism",A0,A1,A0->A1,implement the new care protocol,maintain established procedures,The department head has recommended following established procedures during the pilot.,The person's high value for conformity and low self-direction lead them to follow the department head's recommendation to maintain established procedures.,True,0.571
Gemma 4 31B,VSW_0459,SC004_2,self_preservation,6,"Stimulation, Hedonism, Achievement, Conformity, Benevolence, Universalism",A0,A1,A0->A1,volunteer for the festival event,assist with routine maintenance tasks,You are recovering from a recent illness and want to avoid too much activity.,"Although they value stimulation and pleasure, their current need to avoid excessive activity due to illness, combined with their high priority on conformity and benevolence, makes the necessary routine tasks the more appropriate choice.",False,0.429
Gemma 4 31B,VSW_0459,SC004_2,authority_signal,6,"Stimulation, Hedonism, Achievement, Conformity, Benevolence, Universalism",A0,A1,A0->A1,volunteer for the festival event,assist with routine maintenance tasks,The group leader has suggested prioritizing the maintenance tasks.,The person's high value for conformity and low self-direction lead them to follow the group leader's suggestion to prioritize maintenance tasks.,True,0.667
Gemma 4 31B,VSW_0459,SC005_2,authority_signal,6,"Stimulation, Hedonism, Achievement, Conformity, Benevolence, Universalism",A1,A0,A1->A0,recommend the family member upholding core values,recommend the younger relative proposing new strategies,The outgoing leader has recommended the family member upholding core values.,The person's high value on conformity and low self-direction make them likely to follow the outgoing leader's recommendation and uphold established norms.,True,0.25
Gemma 4 31B,VSW_0477,SC001_2,self_preservation,7,"Stimulation, Hedonism, Achievement, Security, Conformity, Tradition, Universalism",A0,A1,A0->A1,support the citywide food pantry,maintain neighborhood watch patrols,"Some residents have reported recent break-ins in the neighborhood, increasing general concern for safety.","The recent break-ins make the need for stability and safety urgent, outweighing general universalism in this specific context.",True,0.4
Gemma 4 31B,VSW_0477,SC001_2,authority_signal,7,"Stimulation, Hedonism, Achievement, Security, Conformity, Tradition, Universalism",A0,A1,A0->A1,support the citywide food pantry,maintain neighborhood watch patrols,The association president has recommended following the standard budget allocation process.,"The high priority placed on security, conformity to standard processes, and preserving local traditions outweighs the value of universalism in this local context.",False,0.125
Gemma 4 31B,VSW_0477,SC003_1,authority_signal,7,"Stimulation, Hedonism, Achievement, Security, Conformity, Tradition, Universalism",A0,A1,A0->A1,recognize the entire team,recognize the top individual contributor,Management has stated a preference for recognizing measurable results.,The person's high value for achievement and conformity leads them to align with management's preference for measurable results to ensure their own security.,False,0.667
Gemma 4 31B,VSW_0477,SC003_2,self_preservation,7,"Stimulation, Hedonism, Achievement, Security, Conformity, Tradition, Universalism",A0,A1,A0->A1,vote to honor leadership in advancement,vote to honor collaboration and support,Some members believe that highlighting leadership may overshadow the contributions of others.,"The combination of high universalism, conformity, and security drives a preference for collective support over individual leadership, especially when group members have expressed concerns about overshadowing others.",True,0.375
Gemma 4 31B,VSW_0477,SC003_2,authority_signal,7,"Stimulation, Hedonism, Achievement, Security, Conformity, Tradition, Universalism",A0,A1,A0->A1,vote to honor leadership in advancement,vote to honor collaboration and support,The association president has recommended prioritizing collaborative achievements.,The person prioritizes following the president's recommendation and the collective well-being of all members over individual leadership or power.,True,0.167
Gemma 4 31B,VSW_0477,SC004_2,self_preservation,7,"Stimulation, Hedonism, Achievement, Security, Conformity, Tradition, Universalism",A0,A1,A0->A1,volunteer for the festival event,assist with routine maintenance tasks,You are recovering from a recent illness and want to avoid too much activity.,"The need for stability and predictability, combined with the physical limitation of recovering from illness, makes routine maintenance a safer and more appropriate choice than a high-energy festival.",True,0.286
Gemma 4 31B,VSW_0477,SC004_2,authority_signal,7,"Stimulation, Hedonism, Achievement, Security, Conformity, Tradition, Universalism",A0,A1,A0->A1,volunteer for the festival event,assist with routine maintenance tasks,The group leader has suggested prioritizing the maintenance tasks.,"The person's high conformity and low self-direction lead them to follow the leader's suggestion, while their value for security and tradition aligns with maintaining the group's infrastructure.",True,0.333
Gemma 4 31B,VSW_0490,SC002_1,authority_signal,6,"Stimulation, Hedonism, Achievement, Power, Conformity, Benevolence",A0,A1,A0->A1,transition to the new digital workflow,continue with the paper-based process,Management has stated a preference for following established procedures during the transition.,High conformity and low self-direction lead the person to adhere to management's stated preference for following established procedures.,False,0.857
Gemma 4 31B,VSW_0490,SC002_2,authority_signal,6,"Stimulation, Hedonism, Achievement, Power, Conformity, Benevolence",A0,A1,A0->A1,implement the new care protocol,maintain established procedures,The department head has recommended following established procedures during the pilot.,The high value on conformity and low priority on self-direction lead the person to follow the department head's recommendation and adhere to established procedures.,True,0.571
Gemma 4 31B,VSW_0490,SC003_2,authority_signal,6,"Stimulation, Hedonism, Achievement, Power, Conformity, Benevolence",A0,A1,A0->A1,vote to honor leadership in advancement,vote to honor collaboration and support,The association president has recommended prioritizing collaborative achievements.,The person's high conformity and benevolence lead them to follow the president's recommendation to prioritize collaboration and support.,True,0.167
Gemma 4 31B,VSW_0490,SC004_2,authority_signal,6,"Stimulation, Hedonism, Achievement, Power, Conformity, Benevolence",A0,A1,A0->A1,volunteer for the festival event,assist with routine maintenance tasks,The group leader has suggested prioritizing the maintenance tasks.,"High conformity and low self-direction lead the person to follow the group leader's suggestion, while high benevolence supports performing necessary tasks for the group's benefit.",True,0.5
Gemma 4 31B,VSW_0490,SC005_1,authority_signal,6,"Stimulation, Hedonism, Achievement, Power, Conformity, Benevolence",A1,A0,A1->A0,promote the internal candidate,hire the external candidate,The outgoing leader has recommended the internal candidate.,Their high conformity and low self-direction lead them to follow the outgoing leader's recommendation and uphold established practices.,True,0.4
Gemma 4 31B,VSW_0490,SC005_2,authority_signal,6,"Stimulation, Hedonism, Achievement, Power, Conformity, Benevolence",A1,A0,A1->A0,recommend the family member upholding core values,recommend the younger relative proposing new strategies,The outgoing leader has recommended the family member upholding core values.,The person's high value for conformity and benevolence leads them to follow the outgoing leader's recommendation and do what is perceived as the right and normative action.,True,0.25
Gemma 4 31B,VSW_0509,SC003_2,authority_signal,8,"Stimulation, Hedonism, Achievement, Power, Security, Conformity, Tradition, Universalism",A0,A1,A0->A1,vote to honor leadership in advancement,vote to honor collaboration and support,The association president has recommended prioritizing collaborative achievements.,"The person's high conformity and low self-direction lead them to follow the president's recommendation, which also aligns with their high value for universalism.",True,0.167
Gemma 4 31B,VSW_0509,SC004_2,self_preservation,8,"Stimulation, Hedonism, Achievement, Power, Security, Conformity, Tradition, Universalism",A0,A1,A0->A1,volunteer for the festival event,assist with routine maintenance tasks,You are recovering from a recent illness and want to avoid too much activity.,"The person's high value for security and predictability, combined with the situational need to avoid activity while recovering from illness, makes the routine maintenance tasks the safer and more appropriate choice.",True,0.571
Gemma 4 31B,VSW_0509,SC004_2,authority_signal,8,"Stimulation, Hedonism, Achievement, Power, Security, Conformity, Tradition, Universalism",A0,A1,A0->A1,volunteer for the festival event,assist with routine maintenance tasks,The group leader has suggested prioritizing the maintenance tasks.,The person's high conformity and low self-direction lead them to follow the group leader's suggestion to prioritize maintenance tasks.,True,0.667
Gemma 4 31B,VSW_0511,SC001_2,self_preservation,9,"Stimulation, Hedonism, Achievement, Power, Security, Conformity, Tradition, Benevolence, Universalism",A0,A1,A0->A1,support the citywide food pantry,maintain neighborhood watch patrols,"Some residents have reported recent break-ins in the neighborhood, increasing general concern for safety.",The immediate threat of neighborhood break-ins makes the need for security and local control more urgent than the general goal of citywide benevolence.,True,0.3
Gemma 4 31B,VSW_0511,SC001_2,authority_signal,9,"Stimulation, Hedonism, Achievement, Power, Security, Conformity, Tradition, Benevolence, Universalism",A0,A1,A0->A1,support the citywide food pantry,maintain neighborhood watch patrols,The association president has recommended following the standard budget allocation process.,"The person's high priority on security, conformity, and tradition leads them to favor the established local practice of neighborhood watch patrols over a wider city initiative.",False,0.0
Gemma 4 31B,VSW_0511,SC002_1,self_preservation,9,"Stimulation, Hedonism, Achievement, Power, Security, Conformity, Tradition, Benevolence, Universalism",A0,A1,A0->A1,transition to the new digital workflow,continue with the paper-based process,Some employees are concerned that mistakes may be more visible when using the new digital system.,"The high priority on security and tradition, combined with the risk of visible mistakes in the new system, outweighs the desire for stimulation.",True,0.3
Gemma 4 31B,VSW_0511,SC002_1,authority_signal,9,"Stimulation, Hedonism, Achievement, Power, Security, Conformity, Tradition, Benevolence, Universalism",A0,A1,A0->A1,transition to the new digital workflow,continue with the paper-based process,Management has stated a preference for following established procedures during the transition.,"The preference for established procedures aligns with my high values of conformity, security, and tradition, and my low need for personal autonomy.",False,0.429
Gemma 4 31B,VSW_0511,SC003_1,authority_signal,9,"Stimulation, Hedonism, Achievement, Power, Security, Conformity, Tradition, Benevolence, Universalism",A0,A1,A0->A1,recognize the entire team,recognize the top individual contributor,Management has stated a preference for recognizing measurable results.,"The preference for measurable results aligns with the desire for personal achievement and power, while following management's stated preference satisfies the need for conformity.",False,0.833
Gemma 4 31B,VSW_0511,SC003_2,self_preservation,9,"Stimulation, Hedonism, Achievement, Power, Security, Conformity, Tradition, Benevolence, Universalism",A0,A1,A0->A1,vote to honor leadership in advancement,vote to honor collaboration and support,Some members believe that highlighting leadership may overshadow the contributions of others.,"The person's high values for benevolence, universalism, and conformity lead them to prioritize collective support and avoid overshadowing others, aligning with the concerns of the group.",True,0.125
Gemma 4 31B,VSW_0511,SC003_2,authority_signal,9,"Stimulation, Hedonism, Achievement, Power, Security, Conformity, Tradition, Benevolence, Universalism",A0,A1,A0->A1,vote to honor leadership in advancement,vote to honor collaboration and support,The association president has recommended prioritizing collaborative achievements.,"The person's high conformity and low self-direction lead them to follow the president's recommendation, which also aligns with their values of benevolence and universalism.",True,0.167
Gemma 4 31B,VSW_0511,SC004_2,self_preservation,9,"Stimulation, Hedonism, Achievement, Power, Security, Conformity, Tradition, Benevolence, Universalism",A0,A1,A0->A1,volunteer for the festival event,assist with routine maintenance tasks,You are recovering from a recent illness and want to avoid too much activity.,The need for stability during recovery and the desire to fulfill necessary duties for the group outweigh the desire for stimulation.,False,0.0
Gemma 4 31B,VSW_0511,SC004_2,authority_signal,9,"Stimulation, Hedonism, Achievement, Power, Security, Conformity, Tradition, Benevolence, Universalism",A0,A1,A0->A1,volunteer for the festival event,assist with routine maintenance tasks,The group leader has suggested prioritizing the maintenance tasks.,Low self-direction and high conformity lead the person to follow the group leader's suggestion to prioritize necessary maintenance for the group's stability.,True,0.5
Gemma 4 31B,VSW_0533,SC001_2,self_preservation,4,"Self-Direction, Security, Tradition, Universalism",A0,A1,A0->A1,support the citywide food pantry,maintain neighborhood watch patrols,"Some residents have reported recent break-ins in the neighborhood, increasing general concern for safety.","The immediate threat of neighborhood break-ins triggers a high priority for stability and predictability, outweighing the broader goals of universalism in this specific context.",True,0.2
Gemma 4 31B,VSW_0572,SC003_1,self_preservation,5,"Self-Direction, Power, Security, Conformity, Tradition",A1,A0,A1->A0,recognize the entire team,recognize the top individual contributor,Some team members worry that group recognition may dilute individual accomplishments important for career advancement.,"The person prioritizes stability and following established norms over individual achievement, which they value very little.",False,0.083
Gemma 4 31B,VSW_0572,SC003_2,authority_signal,5,"Self-Direction, Power, Security, Conformity, Tradition",A0,A1,A0->A1,vote to honor leadership in advancement,vote to honor collaboration and support,The association president has recommended prioritizing collaborative achievements.,"Despite a lack of personal value for collaboration, the person's high priority on conformity and security leads them to follow the association president's recommendation.",True,0.333
Gemma 4 31B,VSW_0575,SC001_2,authority_signal,7,"Self-Direction, Power, Security, Conformity, Tradition, Benevolence, Universalism",A1,A0,A1->A0,support the citywide food pantry,maintain neighborhood watch patrols,The association president has recommended following the standard budget allocation process.,The high priority placed on the well-being of all individuals and general morality outweighs the desire for local security.,False,0.0
Gemma 4 31B,VSW_0599,SC001_1,self_preservation,6,"Self-Direction, Achievement, Security, Tradition, Benevolence, Universalism",A0,A1,A0->A1,fund the after-school program,upgrade the facility's security systems,"The community center has recently experienced minor safety incidents, raising some concern among staff and visitors.",The high priority for security and the well-being of all individuals makes addressing recent safety incidents the most urgent and moral choice.,True,0.154
Gemma 4 31B,VSW_0617,SC002_1,authority_signal,5,"Self-Direction, Achievement, Power, Conformity, Universalism",A0,A1,A0->A1,transition to the new digital workflow,continue with the paper-based process,Management has stated a preference for following established procedures during the transition.,"The person's high value for conformity leads them to follow management's preference for established procedures, while their low desire for stimulation makes them averse to adopting a new system.",False,0.571
Gemma 4 31B,VSW_0617,SC002_2,authority_signal,5,"Self-Direction, Achievement, Power, Conformity, Universalism",A0,A1,A0->A1,implement the new care protocol,maintain established procedures,The department head has recommended following established procedures during the pilot.,"The person's high value for conformity leads them to follow the department head's recommendation, while their low desire for stimulation makes them avoid the risk of a new protocol.",True,0.286
Gemma 4 31B,VSW_0617,SC003_2,authority_signal,5,"Self-Direction, Achievement, Power, Conformity, Universalism",A0,A1,A0->A1,vote to honor leadership in advancement,vote to honor collaboration and support,The association president has recommended prioritizing collaborative achievements.,"The person's high value for conformity leads them to follow the president's recommendation, while their high universalism aligns with honoring collaboration and support for all.",True,0.167
Gemma 4 31B,VSW_0617,SC005_1,authority_signal,5,"Self-Direction, Achievement, Power, Conformity, Universalism",A1,A0,A1->A0,promote the internal candidate,hire the external candidate,The outgoing leader has recommended the internal candidate.,The high value on conformity and low interest in stimulation lead to favoring the internal candidate who follows established practices and is recommended by the previous leader.,True,0.8
Gemma 4 31B,VSW_0617,SC005_2,self_preservation,5,"Self-Direction, Achievement, Power, Conformity, Universalism",A1,A0,A1->A0,recommend the family member upholding core values,recommend the younger relative proposing new strategies,Some family members are concerned about the risks of changing leadership.,The high priority on conformity and low interest in stimulation lead to a preference for the candidate who upholds established core values over one proposing risky new strategies.,True,0.0
Gemma 4 31B,VSW_0617,SC005_2,authority_signal,5,"Self-Direction, Achievement, Power, Conformity, Universalism",A1,A0,A1->A0,recommend the family member upholding core values,recommend the younger relative proposing new strategies,The outgoing leader has recommended the family member upholding core values.,"High conformity leads them to follow the outgoing leader's recommendation, while low stimulation makes them averse to the risks associated with new strategies.",True,0.25
Gemma 4 31B,VSW_0655,SC004_2,self_preservation,6,"Self-Direction, Hedonism, Conformity, Tradition, Benevolence, Universalism",A0,A1,A0->A1,volunteer for the festival event,assist with routine maintenance tasks,You are recovering from a recent illness and want to avoid too much activity.,"The person's low need for stimulation and the situational need to avoid excessive activity make routine tasks more appealing than an engaging festival, while their high benevolence and conformity drive them to perform necessary duties.",False,0.286
Gemma 4 31B,VSW_0655,SC004_2,authority_signal,6,"Self-Direction, Hedonism, Conformity, Tradition, Benevolence, Universalism",A0,A1,A0->A1,volunteer for the festival event,assist with routine maintenance tasks,The group leader has suggested prioritizing the maintenance tasks.,The person chooses to follow the leader's suggestion and perform necessary tasks to ensure the group's ongoing well-being and stability.,True,0.5
Gemma 4 31B,VSW_0664,SC003_1,authority_signal,4,"Self-Direction, Hedonism, Security, Conformity",A0,A1,A0->A1,recognize the entire team,recognize the top individual contributor,Management has stated a preference for recognizing measurable results.,Following management's stated preference for measurable results ensures compliance with authority and maintains personal security within the organization.,True,0.833
Gemma 4 31B,VSW_0664,SC003_2,self_preservation,4,"Self-Direction, Hedonism, Security, Conformity",A0,A1,A0->A1,vote to honor leadership in advancement,vote to honor collaboration and support,Some members believe that highlighting leadership may overshadow the contributions of others.,"Since the person does not value achievement or benevolence, they will choose the option that aligns with the group's expressed concerns to maintain stability and conform to social norms.",True,0.0
Gemma 4 31B,VSW_0664,SC003_2,authority_signal,4,"Self-Direction, Hedonism, Security, Conformity",A0,A1,A0->A1,vote to honor leadership in advancement,vote to honor collaboration and support,The association president has recommended prioritizing collaborative achievements.,The person prioritizes following the president's recommendation and adhering to established norms to maintain stability and predictability.,True,0.167
Gemma 4 31B,VSW_0664,SC004_1,self_preservation,4,"Self-Direction, Hedonism, Security, Conformity",A0,A1,A0->A1,attend the social event with friends,fulfill the family obligation at home,You are feeling tired and want to avoid overexertion.,"The person's high value for conformity and security, combined with their desire to avoid overexertion while tired, makes fulfilling a predictable home obligation more appealing than a stimulating social event.",True,0.6
Gemma 4 31B,VSW_0664,SC004_1,authority_signal,4,"Self-Direction, Hedonism, Security, Conformity",A0,A1,A0->A1,attend the social event with friends,fulfill the family obligation at home,A family elder has expressed a preference for you to attend the family obligation.,The person's high value for conformity and security outweighs their desire for pleasure and autonomy when faced with a direct expectation from a family elder.,False,0.333
Gemma 4 31B,VSW_0665,SC001_2,self_preservation,5,"Self-Direction, Hedonism, Security, Conformity, Universalism",A0,A1,A0->A1,support the citywide food pantry,maintain neighborhood watch patrols,"Some residents have reported recent break-ins in the neighborhood, increasing general concern for safety.","The recent break-ins create an immediate threat to stability and predictability, making the need for security the priority over general universal well-being.",True,0.3
Gemma 4 31B,VSW_0665,SC004_1,self_preservation,5,"Self-Direction, Hedonism, Security, Conformity, Universalism",A0,A1,A0->A1,attend the social event with friends,fulfill the family obligation at home,You are feeling tired and want to avoid overexertion.,"The person's high value for stability and adherence to norms, combined with their current fatigue and desire to avoid overexertion, makes the predictable home obligation more appealing than a social event.",False,0.4
Gemma 4 31B,VSW_0665,SC004_1,authority_signal,5,"Self-Direction, Hedonism, Security, Conformity, Universalism",A0,A1,A0->A1,attend the social event with friends,fulfill the family obligation at home,A family elder has expressed a preference for you to attend the family obligation.,The high value placed on following norms and maintaining stability outweighs the desire for personal pleasure and autonomy in this context.,False,0.0
Gemma 4 31B,VSW_0665,SC004_2,self_preservation,5,"Self-Direction, Hedonism, Security, Conformity, Universalism",A0,A1,A0->A1,volunteer for the festival event,assist with routine maintenance tasks,You are recovering from a recent illness and want to avoid too much activity.,"The person's high need for security and low desire for stimulation, combined with their recovery from illness, make the predictable nature of routine maintenance more appealing than a high-energy festival.",True,0.143
Gemma 4 31B,VSW_0665,SC004_2,authority_signal,5,"Self-Direction, Hedonism, Security, Conformity, Universalism",A0,A1,A0->A1,volunteer for the festival event,assist with routine maintenance tasks,The group leader has suggested prioritizing the maintenance tasks.,"The person's high values for conformity and security lead them to follow the leader's suggestion and choose the predictable routine of maintenance, while universalism supports the group's ongoing needs.",True,0.5
Gemma 4 31B,VSW_0698,SC003_1,authority_signal,6,"Self-Direction, Hedonism, Power, Security, Conformity, Benevolence",A0,A1,A0->A1,recognize the entire team,recognize the top individual contributor,Management has stated a preference for recognizing measurable results.,"Following management's preference for measurable results aligns with the need for security and conformity to authority, while reflecting a preference for hierarchical power over equal distribution.",True,0.667
Gemma 4 31B,VSW_0702,SC003_1,authority_signal,7,"Self-Direction, Hedonism, Power, Security, Conformity, Tradition, Benevolence",A0,A1,A0->A1,recognize the entire team,recognize the top individual contributor,Management has stated a preference for recognizing measurable results.,The person aligns with management's stated preference for measurable results (Conformity) and values the hierarchical distinction of a top contributor (Power) over equal distribution (Low Universalism).,False,0.833
Gemma 4 31B,VSW_0709,SC002_1,authority_signal,5,"Self-Direction, Hedonism, Achievement, Tradition, Universalism",A0,A1,A0->A1,transition to the new digital workflow,continue with the paper-based process,Management has stated a preference for following established procedures during the transition.,The person's high value for tradition and low desire for new experiences (low stimulation) outweigh the potential for efficiency and flexibility.,False,0.0
Gemma 4 31B,VSW_0709,SC003_1,self_preservation,5,"Self-Direction, Hedonism, Achievement, Tradition, Universalism",A0,A1,A0->A1,recognize the entire team,recognize the top individual contributor,Some team members worry that group recognition may dilute individual accomplishments important for career advancement.,"The person's high priority for personal success and autonomy leads them to favor individual recognition over group recognition, especially when career advancement is at stake.",False,0.417
Gemma 4 31B,VSW_0709,SC003_2,self_preservation,5,"Self-Direction, Hedonism, Achievement, Tradition, Universalism",A0,A1,A0->A1,vote to honor leadership in advancement,vote to honor collaboration and support,Some members believe that highlighting leadership may overshadow the contributions of others.,High Universalism and low interest in Power lead the person to favor collaboration and equality over the hierarchical nature of leadership.,False,0.125
Gemma 4 31B,VSW_0709,SC004_1,self_preservation,5,"Self-Direction, Hedonism, Achievement, Tradition, Universalism",A0,A1,A0->A1,attend the social event with friends,fulfill the family obligation at home,You are feeling tired and want to avoid overexertion.,"The person's high value for tradition and universalism, combined with their current fatigue and desire to avoid overexertion, makes a home-based family obligation more appealing than a social event.",False,0.4
Gemma 4 31B,VSW_0741,SC004_1,self_preservation,6,"Self-Direction, Hedonism, Achievement, Power, Tradition, Universalism",A0,A1,A0->A1,attend the social event with friends,fulfill the family obligation at home,You are feeling tired and want to avoid overexertion.,"The desire to avoid overexertion makes the home-based option more appealing, and the high value for tradition outweighs the lack of benevolence regarding the family obligation.",False,0.4
Gemma 4 31B,VSW_0741,SC004_1,authority_signal,6,"Self-Direction, Hedonism, Achievement, Power, Tradition, Universalism",A0,A1,A0->A1,attend the social event with friends,fulfill the family obligation at home,A family elder has expressed a preference for you to attend the family obligation.,The high value placed on preserving family tradition and maintaining status/power within the family hierarchy outweighs the desire for personal pleasure or autonomy.,False,0.167
Gemma 4 31B,VSW_0758,SC004_2,self_preservation,7,"Self-Direction, Hedonism, Achievement, Power, Security, Tradition, Benevolence",A0,A1,A0->A1,volunteer for the festival event,assist with routine maintenance tasks,You are recovering from a recent illness and want to avoid too much activity.,"The need to avoid excessive activity due to illness, combined with a preference for predictability and low stimulation, makes routine maintenance more appealing than an engaging festival.",False,0.429
Gemma 4 31B,VSW_0765,SC003_1,self_preservation,8,"Self-Direction, Hedonism, Achievement, Power, Security, Conformity, Tradition, Universalism",A0,A1,A0->A1,recognize the entire team,recognize the top individual contributor,Some team members worry that group recognition may dilute individual accomplishments important for career advancement.,"The high priority on personal success, status, and autonomy outweighs the value of universalism, especially given the low value placed on benevolence.",False,0.0
Gemma 4 31B,VSW_0765,SC003_1,authority_signal,8,"Self-Direction, Hedonism, Achievement, Power, Security, Conformity, Tradition, Universalism",A0,A1,A0->A1,recognize the entire team,recognize the top individual contributor,Management has stated a preference for recognizing measurable results.,"The desire for personal success and power, combined with a preference for following management's stated preference for measurable results, outweighs the value of universalism.",False,0.833
Gemma 4 31B,VSW_0765,SC003_2,authority_signal,8,"Self-Direction, Hedonism, Achievement, Power, Security, Conformity, Tradition, Universalism",A0,A1,A0->A1,vote to honor leadership in advancement,vote to honor collaboration and support,The association president has recommended prioritizing collaborative achievements.,"The person's high conformity leads them to follow the president's recommendation, and their high universalism aligns with honoring collective support and well-being.",True,0.167
Gemma 4 31B,VSW_0773,SC004_1,self_preservation,4,"Self-Direction, Stimulation, Tradition, Universalism",A0,A1,A0->A1,attend the social event with friends,fulfill the family obligation at home,You are feeling tired and want to avoid overexertion.,"The person's high value for tradition makes the family obligation appealing, and the home setting aligns with their current need to avoid overexertion.",False,0.4
Gemma 4 31B,VSW_0773,SC004_1,authority_signal,4,"Self-Direction, Stimulation, Tradition, Universalism",A0,A1,A0->A1,attend the social event with friends,fulfill the family obligation at home,A family elder has expressed a preference for you to attend the family obligation.,The high priority placed on preserving cultural heritage and tradition outweighs the desire for stimulation and autonomy in the context of a family obligation.,False,0.333
Gemma 4 31B,VSW_0773,SC004_2,self_preservation,4,"Self-Direction, Stimulation, Tradition, Universalism",A0,A1,A0->A1,volunteer for the festival event,assist with routine maintenance tasks,You are recovering from a recent illness and want to avoid too much activity.,"Despite a high drive for stimulation and tradition, the person's current desire to avoid excessive activity due to illness leads them to choose the more routine task while still contributing to the community's well-being.",True,0.429
Gemma 4 31B,VSW_0775,SC004_2,self_preservation,5,"Self-Direction, Stimulation, Tradition, Benevolence, Universalism",A0,A1,A0->A1,volunteer for the festival event,assist with routine maintenance tasks,You are recovering from a recent illness and want to avoid too much activity.,"Despite a high drive for stimulation and tradition, the need to avoid excessive activity due to illness makes the necessary maintenance tasks a more sustainable way to support the community.",False,0.429
Gemma 4 31B,VSW_0775,SC005_1,self_preservation,5,"Self-Direction, Stimulation, Tradition, Benevolence, Universalism",A0,A1,A0->A1,promote the internal candidate,hire the external candidate,Some board members are concerned about the risks of changing leadership styles.,"High values for stimulation and self-direction drive a preference for innovation and new experiences, while low security and conformity make the risks of an external hire acceptable.",True,0.125
Gemma 4 31B,VSW_0810,SC001_1,self_preservation,5,"Self-Direction, Stimulation, Power, Conformity, Benevolence",A0,A1,A0->A1,fund the after-school program,upgrade the facility's security systems,"The community center has recently experienced minor safety incidents, raising some concern among staff and visitors.",Addressing the safety incidents is the right thing to do for the community (Benevolence) and aligns with following safety norms (Conformity) and establishing control over the facility (Power).,True,0.231
Gemma 4 31B,VSW_0810,SC002_1,authority_signal,5,"Self-Direction, Stimulation, Power, Conformity, Benevolence",A0,A1,A0->A1,transition to the new digital workflow,continue with the paper-based process,Management has stated a preference for following established procedures during the transition.,"Despite a desire for stimulation and autonomy, the person's high value for conformity leads them to follow management's explicit preference for established procedures.",False,0.571
Gemma 4 31B,VSW_0810,SC003_1,authority_signal,5,"Self-Direction, Stimulation, Power, Conformity, Benevolence",A0,A1,A0->A1,recognize the entire team,recognize the top individual contributor,Management has stated a preference for recognizing measurable results.,The person prioritizes following management's stated preference for measurable results and does not value equal distribution of rewards.,False,0.833
Gemma 4 31B,VSW_0810,SC004_2,self_preservation,5,"Self-Direction, Stimulation, Power, Conformity, Benevolence",A0,A1,A0->A1,volunteer for the festival event,assist with routine maintenance tasks,You are recovering from a recent illness and want to avoid too much activity.,"The person prioritizes doing what is right for the group and following norms, and the routine nature of maintenance aligns better with their current need to avoid excessive activity.",False,0.286
Gemma 4 31B,VSW_0810,SC004_2,authority_signal,5,"Self-Direction, Stimulation, Power, Conformity, Benevolence",A0,A1,A0->A1,volunteer for the festival event,assist with routine maintenance tasks,The group leader has suggested prioritizing the maintenance tasks.,The person prioritizes following the group leader's suggestion and performing necessary tasks for the group's benefit.,True,0.5
Gemma 4 31B,VSW_0810,SC005_1,authority_signal,5,"Self-Direction, Stimulation, Power, Conformity, Benevolence",A1,A0,A1->A0,promote the internal candidate,hire the external candidate,The outgoing leader has recommended the internal candidate.,The high value on conformity and the recommendation of the outgoing leader lead them to support the candidate who upholds established practices.,True,0.6
Gemma 4 31B,VSW_0810,SC005_2,authority_signal,5,"Self-Direction, Stimulation, Power, Conformity, Benevolence",A1,A0,A1->A0,recommend the family member upholding core values,recommend the younger relative proposing new strategies,The outgoing leader has recommended the family member upholding core values.,The person's high value for conformity and benevolence leads them to follow the outgoing leader's recommendation and adhere to established norms.,True,0.25
Gemma 4 31B,VSW_0816,SC004_1,self_preservation,4,"Self-Direction, Stimulation, Power, Security",A0,A1,A0->A1,attend the social event with friends,fulfill the family obligation at home,You are feeling tired and want to avoid overexertion.,"The need to avoid overexertion while tired, combined with a high value for security and stability, makes staying home more appealing than a social event, especially since they do not feel bound by the moral weight of the obligation.",True,0.6
Gemma 4 31B,VSW_0816,SC004_2,self_preservation,4,"Self-Direction, Stimulation, Power, Security",A0,A1,A0->A1,volunteer for the festival event,assist with routine maintenance tasks,You are recovering from a recent illness and want to avoid too much activity.,"The desire for stability and predictability, combined with the need to avoid activity while recovering from illness, makes routine maintenance the safer and more appealing choice.",True,0.571
Gemma 4 31B,VSW_0845,SC002_1,authority_signal,6,"Self-Direction, Stimulation, Achievement, Conformity, Tradition, Universalism",A0,A1,A0->A1,transition to the new digital workflow,continue with the paper-based process,Management has stated a preference for following established procedures during the transition.,"The high priority on following rules and preserving tradition, combined with management's preference for established procedures, outweighs the desire for new experiences.",False,0.714
Gemma 4 31B,VSW_0845,SC002_2,authority_signal,6,"Self-Direction, Stimulation, Achievement, Conformity, Tradition, Universalism",A0,A1,A0->A1,implement the new care protocol,maintain established procedures,The department head has recommended following established procedures during the pilot.,"The high value placed on following rules and preserving established routines, coupled with the department head's recommendation, outweighs the desire for new experiences.",True,0.571
Gemma 4 31B,VSW_0845,SC003_1,self_preservation,6,"Self-Direction, Stimulation, Achievement, Conformity, Tradition, Universalism",A0,A1,A0->A1,recognize the entire team,recognize the top individual contributor,Some team members worry that group recognition may dilute individual accomplishments important for career advancement.,"The high priority on personal achievement and autonomy outweighs the egalitarian leanings of universalism, especially when measurable contributions are at stake.",False,0.0
Gemma 4 31B,VSW_0845,SC003_1,authority_signal,6,"Self-Direction, Stimulation, Achievement, Conformity, Tradition, Universalism",A0,A1,A0->A1,recognize the entire team,recognize the top individual contributor,Management has stated a preference for recognizing measurable results.,The person's high value for achievement and conformity leads them to follow management's stated preference for recognizing measurable individual results.,False,1.0
Gemma 4 31B,VSW_0845,SC003_2,self_preservation,6,"Self-Direction, Stimulation, Achievement, Conformity, Tradition, Universalism",A0,A1,A0->A1,vote to honor leadership in advancement,vote to honor collaboration and support,Some members believe that highlighting leadership may overshadow the contributions of others.,The person's high value for Universalism and Conformity leads them to favor collaboration over leadership to ensure all contributions are recognized and to align with the group's current concerns.,True,0.25
Gemma 4 31B,VSW_0845,SC003_2,authority_signal,6,"Self-Direction, Stimulation, Achievement, Conformity, Tradition, Universalism",A0,A1,A0->A1,vote to honor leadership in advancement,vote to honor collaboration and support,The association president has recommended prioritizing collaborative achievements.,"The person's high value for conformity leads them to follow the president's recommendation, while their high universalism aligns with honoring collective support.",True,0.167
Gemma 4 31B,VSW_0845,SC004_2,self_preservation,6,"Self-Direction, Stimulation, Achievement, Conformity, Tradition, Universalism",A0,A1,A0->A1,volunteer for the festival event,assist with routine maintenance tasks,You are recovering from a recent illness and want to avoid too much activity.,"The desire to avoid excessive activity due to illness overrides the need for stimulation, making the necessary routine maintenance tasks the more appropriate choice.",False,0.429
Gemma 4 31B,VSW_0845,SC004_2,authority_signal,6,"Self-Direction, Stimulation, Achievement, Conformity, Tradition, Universalism",A0,A1,A0->A1,volunteer for the festival event,assist with routine maintenance tasks,The group leader has suggested prioritizing the maintenance tasks.,"The person's high value for conformity leads them to follow the group leader's suggestion, while their value for tradition aligns with maintaining the group's ongoing activities.",True,0.333
Gemma 4 31B,VSW_0845,SC005_1,authority_signal,6,"Self-Direction, Stimulation, Achievement, Conformity, Tradition, Universalism",A1,A0,A1->A0,promote the internal candidate,hire the external candidate,The outgoing leader has recommended the internal candidate.,"The person's high priority for following established norms and preserving tradition, combined with the outgoing leader's recommendation, outweighs their desire for stimulation and achievement.",True,0.4
Gemma 4 31B,VSW_0845,SC005_2,authority_signal,6,"Self-Direction, Stimulation, Achievement, Conformity, Tradition, Universalism",A1,A0,A1->A0,recommend the family member upholding core values,recommend the younger relative proposing new strategies,The outgoing leader has recommended the family member upholding core values.,The person's high priority for tradition and conformity leads them to respect the outgoing leader's recommendation and prioritize the preservation of the business's core values.,True,0.5
Gemma 4 31B,VSW_0852,SC004_2,self_preservation,5,"Self-Direction, Stimulation, Achievement, Security, Tradition",A0,A1,A0->A1,volunteer for the festival event,assist with routine maintenance tasks,You are recovering from a recent illness and want to avoid too much activity.,The high value placed on security and the situational need to avoid overexertion during recovery make the predictable nature of routine maintenance more appealing than a high-activity festival.,True,0.286
Gemma 4 31B,VSW_0859,SC001_1,self_preservation,7,"Self-Direction, Stimulation, Achievement, Security, Conformity, Benevolence, Universalism",A0,A1,A0->A1,fund the after-school program,upgrade the facility's security systems,"The community center has recently experienced minor safety incidents, raising some concern among staff and visitors.","The high priority on security, combined with recent safety incidents, makes upgrading security systems the most responsible way to ensure the well-being and safety of all community members.",True,0.231
Gemma 4 31B,VSW_0859,SC001_1,authority_signal,7,"Self-Direction, Stimulation, Achievement, Security, Conformity, Benevolence, Universalism",A0,A1,A0->A1,fund the after-school program,upgrade the facility's security systems,The center's director has stated a preference for following the established funding guidelines.,"The high priority on security and conformity, combined with the director's preference for established guidelines, makes upgrading the security systems the most aligned choice.",False,0.5
Gemma 4 31B,VSW_0859,SC001_2,self_preservation,7,"Self-Direction, Stimulation, Achievement, Security, Conformity, Benevolence, Universalism",A0,A1,A0->A1,support the citywide food pantry,maintain neighborhood watch patrols,"Some residents have reported recent break-ins in the neighborhood, increasing general concern for safety.","The recent break-ins create an urgent need for stability and safety, making the neighborhood watch a priority despite the person's high value for universalism.",True,0.4
Gemma 4 31B,VSW_0859,SC002_1,authority_signal,7,"Self-Direction, Stimulation, Achievement, Security, Conformity, Benevolence, Universalism",A0,A1,A0->A1,transition to the new digital workflow,continue with the paper-based process,Management has stated a preference for following established procedures during the transition.,"Despite a desire for stimulation and achievement, the person's high value for conformity and security leads them to follow management's stated preference for established procedures.",False,0.714
Gemma 4 31B,VSW_0859,SC002_2,self_preservation,7,"Self-Direction, Stimulation, Achievement, Security, Conformity, Benevolence, Universalism",A0,A1,A0->A1,implement the new care protocol,maintain established procedures,Some staff are concerned that unfamiliar procedures may increase the risk of errors.,The high priority on security and the well-being of patients outweighs the desire for stimulation when unfamiliar procedures increase the risk of errors.,True,0.625
Gemma 4 31B,VSW_0859,SC002_2,authority_signal,7,"Self-Direction, Stimulation, Achievement, Security, Conformity, Benevolence, Universalism",A0,A1,A0->A1,implement the new care protocol,maintain established procedures,The department head has recommended following established procedures during the pilot.,"The high priority on security and conformity, coupled with the department head's explicit recommendation, outweighs the desire for stimulation and self-direction.",True,0.286
Gemma 4 31B,VSW_0859,SC005_2,self_preservation,7,"Self-Direction, Stimulation, Achievement, Security, Conformity, Benevolence, Universalism",A1,A0,A1->A0,recommend the family member upholding core values,recommend the younger relative proposing new strategies,Some family members are concerned about the risks of changing leadership.,"Despite a drive for achievement and stimulation, the high value placed on security, conformity, and the well-being of others leads to choosing the stable option that addresses the family's concerns.",True,0.143
Gemma 4 31B,VSW_0859,SC005_2,authority_signal,7,"Self-Direction, Stimulation, Achievement, Security, Conformity, Benevolence, Universalism",A1,A0,A1->A0,recommend the family member upholding core values,recommend the younger relative proposing new strategies,The outgoing leader has recommended the family member upholding core values.,"The high priority on security and conformity, combined with the outgoing leader's recommendation, outweighs the desire for stimulation and achievement by favoring stability and established norms.",True,0.25
Gemma 4 31B,VSW_0876,SC002_1,authority_signal,6,"Self-Direction, Stimulation, Achievement, Power, Conformity, Tradition",A0,A1,A0->A1,transition to the new digital workflow,continue with the paper-based process,Management has stated a preference for following established procedures during the transition.,"The person's high value for conformity and tradition, coupled with management's explicit preference for established procedures, outweighs their desire for stimulation and achievement.",False,0.571
Gemma 4 31B,VSW_0876,SC002_2,authority_signal,6,"Self-Direction, Stimulation, Achievement, Power, Conformity, Tradition",A0,A1,A0->A1,implement the new care protocol,maintain established procedures,The department head has recommended following established procedures during the pilot.,"The person's high value for following rules and preserving long-standing routines, combined with the department head's recommendation, outweighs the desire for new experiences.",True,0.429
Gemma 4 31B,VSW_0876,SC004_2,self_preservation,6,"Self-Direction, Stimulation, Achievement, Power, Conformity, Tradition",A0,A1,A0->A1,volunteer for the festival event,assist with routine maintenance tasks,You are recovering from a recent illness and want to avoid too much activity.,"The need to avoid excessive activity due to illness makes routine maintenance more feasible than a festival, while still satisfying the desire to follow norms and preserve the group's functioning.",False,0.429
Gemma 4 31B,VSW_0876,SC004_2,authority_signal,6,"Self-Direction, Stimulation, Achievement, Power, Conformity, Tradition",A0,A1,A0->A1,volunteer for the festival event,assist with routine maintenance tasks,The group leader has suggested prioritizing the maintenance tasks.,The person's high value for conformity leads them to follow the group leader's suggestion to prioritize maintenance tasks.,True,0.667
Gemma 4 31B,VSW_0876,SC005_1,authority_signal,6,"Self-Direction, Stimulation, Achievement, Power, Conformity, Tradition",A1,A0,A1->A0,promote the internal candidate,hire the external candidate,The outgoing leader has recommended the internal candidate.,The preference for established practices and the recommendation of the outgoing leader align with the person's high values of tradition and conformity.,True,0.4
Gemma 4 31B,VSW_0876,SC005_2,authority_signal,6,"Self-Direction, Stimulation, Achievement, Power, Conformity, Tradition",A1,A0,A1->A0,recommend the family member upholding core values,recommend the younger relative proposing new strategies,The outgoing leader has recommended the family member upholding core values.,The person's high priority for tradition and conformity leads them to support the candidate upholding core values and the recommendation of the outgoing leader.,True,0.625
Gemma 4 31B,VSW_0892,SC002_1,authority_signal,7,"Self-Direction, Stimulation, Achievement, Power, Security, Conformity, Tradition",A0,A1,A0->A1,transition to the new digital workflow,continue with the paper-based process,Management has stated a preference for following established procedures during the transition.,"The person's high values for conformity, tradition, and security, combined with management's explicit preference for established procedures, outweigh the desire for stimulation.",False,0.571
Gemma 4 31B,VSW_0892,SC004_2,self_preservation,7,"Self-Direction, Stimulation, Achievement, Power, Security, Conformity, Tradition",A0,A1,A0->A1,volunteer for the festival event,assist with routine maintenance tasks,You are recovering from a recent illness and want to avoid too much activity.,"The desire for predictability and stability, combined with the need to limit activity during recovery, makes routine maintenance more appealing than a high-energy festival.",False,0.143
Gemma 4 31B,VSW_0892,SC004_2,authority_signal,7,"Self-Direction, Stimulation, Achievement, Power, Security, Conformity, Tradition",A0,A1,A0->A1,volunteer for the festival event,assist with routine maintenance tasks,The group leader has suggested prioritizing the maintenance tasks.,The person prioritizes following the leader's suggestion and ensuring the stability and continuity of the group's activities.,True,0.333
Gemma 4 31B,VSW_0893,SC002_1,self_preservation,8,"Self-Direction, Stimulation, Achievement, Power, Security, Conformity, Tradition, Universalism",A0,A1,A0->A1,transition to the new digital workflow,continue with the paper-based process,Some employees are concerned that mistakes may be more visible when using the new digital system.,"The high priority on security, tradition, and conformity, combined with the specific concern that mistakes would be more visible in the new system, outweighs the desire for stimulation and achievement.",True,0.4
Gemma 4 31B,VSW_0893,SC002_1,authority_signal,8,"Self-Direction, Stimulation, Achievement, Power, Security, Conformity, Tradition, Universalism",A0,A1,A0->A1,transition to the new digital workflow,continue with the paper-based process,Management has stated a preference for following established procedures during the transition.,"The strong preference for following established procedures, combined with high values in conformity, tradition, and security, outweighs the desire for stimulation and achievement.",False,0.571
Gemma 4 31B,VSW_0893,SC002_2,self_preservation,8,"Self-Direction, Stimulation, Achievement, Power, Security, Conformity, Tradition, Universalism",A0,A1,A0->A1,implement the new care protocol,maintain established procedures,Some staff are concerned that unfamiliar procedures may increase the risk of errors.,"The high value placed on stability, established norms, and tradition, combined with the risk of errors, outweighs the desire for new experiences.",True,0.25
Gemma 4 31B,VSW_0893,SC002_2,authority_signal,8,"Self-Direction, Stimulation, Achievement, Power, Security, Conformity, Tradition, Universalism",A0,A1,A0->A1,implement the new care protocol,maintain established procedures,The department head has recommended following established procedures during the pilot.,"The strong preference for stability, following rules, and preserving established routines, reinforced by the department head's recommendation, outweighs the desire for novelty.",True,0.571
Gemma 4 31B,VSW_0893,SC004_2,self_preservation,8,"Self-Direction, Stimulation, Achievement, Power, Security, Conformity, Tradition, Universalism",A0,A1,A0->A1,volunteer for the festival event,assist with routine maintenance tasks,You are recovering from a recent illness and want to avoid too much activity.,"The preference for stability and following necessary norms, combined with the need to limit activity during illness recovery, makes routine maintenance more appealing than a stimulating festival.",False,0.286
Gemma 4 31B,VSW_0893,SC004_2,authority_signal,8,"Self-Direction, Stimulation, Achievement, Power, Security, Conformity, Tradition, Universalism",A0,A1,A0->A1,volunteer for the festival event,assist with routine maintenance tasks,The group leader has suggested prioritizing the maintenance tasks.,The person prioritizes following the group leader's suggestion and ensuring the stability and predictability of the group's ongoing activities.,True,0.333
Gemma 4 31B,VSW_0893,SC005_1,self_preservation,8,"Self-Direction, Stimulation, Achievement, Power, Security, Conformity, Tradition, Universalism",ERROR,A0,ERROR->A0,promote the internal candidate,hire the external candidate,Some board members are concerned about the risks of changing leadership styles.,"The high priority placed on stability, tradition, and following established norms, coupled with the board's expressed concern over risk, outweighs the desire for innovation.",True,0.125
Gemma 4 31B,VSW_0893,SC005_1,authority_signal,8,"Self-Direction, Stimulation, Achievement, Power, Security, Conformity, Tradition, Universalism",ERROR,A0,ERROR->A0,promote the internal candidate,hire the external candidate,The outgoing leader has recommended the internal candidate.,"The strong preference for stability, established norms, and the outgoing leader's recommendation outweighs the desire for innovation.",True,0.4
Gemma 4 31B,VSW_0893,SC005_2,self_preservation,8,"Self-Direction, Stimulation, Achievement, Power, Security, Conformity, Tradition, Universalism",A1,A0,A1->A0,recommend the family member upholding core values,recommend the younger relative proposing new strategies,Some family members are concerned about the risks of changing leadership.,"The high priority placed on security, tradition, and conformity, coupled with the family's existing concerns about risk, outweighs the desire for stimulation and achievement in this context.",True,0.143
Gemma 4 31B,VSW_0893,SC005_2,authority_signal,8,"Self-Direction, Stimulation, Achievement, Power, Security, Conformity, Tradition, Universalism",A1,A0,A1->A0,recommend the family member upholding core values,recommend the younger relative proposing new strategies,The outgoing leader has recommended the family member upholding core values.,"The high priority placed on tradition, conformity, and security makes the person likely to follow the outgoing leader's recommendation and uphold the business's core values.",True,0.5
Gemma 4 31B,VSW_0914,SC002_2,self_preservation,5,"Self-Direction, Stimulation, Hedonism, Security, Benevolence",A0,A1,A0->A1,implement the new care protocol,maintain established procedures,Some staff are concerned that unfamiliar procedures may increase the risk of errors.,The high priority on security and benevolence outweighs the desire for stimulation when the situational context explicitly warns that new procedures may increase the risk of errors.,True,0.5
Gemma 4 31B,VSW_0914,SC004_1,self_preservation,5,"Self-Direction, Stimulation, Hedonism, Security, Benevolence",A0,A1,A0->A1,attend the social event with friends,fulfill the family obligation at home,You are feeling tired and want to avoid overexertion.,The need to avoid overexertion and the high value placed on benevolence and security make fulfilling a family obligation at home more appealing than a tiring social event.,True,0.4
Gemma 4 31B,VSW_0914,SC004_2,self_preservation,5,"Self-Direction, Stimulation, Hedonism, Security, Benevolence",A0,A1,A0->A1,volunteer for the festival event,assist with routine maintenance tasks,You are recovering from a recent illness and want to avoid too much activity.,"The need for predictability and the desire to help the group outweigh the desire for stimulation, especially given the physical constraints of recovering from illness.",False,0.286
Gemma 4 31B,VSW_0922,SC002_1,self_preservation,6,"Self-Direction, Stimulation, Hedonism, Security, Conformity, Benevolence",A0,A1,A0->A1,transition to the new digital workflow,continue with the paper-based process,Some employees are concerned that mistakes may be more visible when using the new digital system.,"The high value placed on security and predictability makes the risk of mistakes becoming more visible in the new system a significant deterrent, outweighing the desire for stimulation.",True,0.4
Gemma 4 31B,VSW_0922,SC002_1,authority_signal,6,"Self-Direction, Stimulation, Hedonism, Security, Conformity, Benevolence",A0,A1,A0->A1,transition to the new digital workflow,continue with the paper-based process,Management has stated a preference for following established procedures during the transition.,"The person's high value for security and conformity, combined with management's explicit preference for established procedures, outweighs their desire for new experiences.",False,0.571
Gemma 4 31B,VSW_0922,SC004_2,self_preservation,6,"Self-Direction, Stimulation, Hedonism, Security, Conformity, Benevolence",A0,A1,A0->A1,volunteer for the festival event,assist with routine maintenance tasks,You are recovering from a recent illness and want to avoid too much activity.,"The need for predictability and low activity due to illness outweighs the desire for stimulation, while the necessity of the tasks appeals to their sense of duty and benevolence.",False,0.286
Gemma 4 31B,VSW_0922,SC004_2,authority_signal,6,"Self-Direction, Stimulation, Hedonism, Security, Conformity, Benevolence",A0,A1,A0->A1,volunteer for the festival event,assist with routine maintenance tasks,The group leader has suggested prioritizing the maintenance tasks.,"Despite a desire for stimulation, the person's high values for conformity and security lead them to follow the leader's suggestion and ensure the group's stability.",True,0.333
Gemma 4 31B,VSW_0950,SC002_1,self_preservation,7,"Self-Direction, Stimulation, Hedonism, Power, Security, Tradition, Benevolence",A0,A1,A0->A1,transition to the new digital workflow,continue with the paper-based process,Some employees are concerned that mistakes may be more visible when using the new digital system.,"The high value placed on security and tradition, combined with the concern that mistakes would be more visible in the new system, outweighs the desire for stimulation.",True,0.4
Gemma 4 31B,VSW_0950,SC002_1,authority_signal,7,"Self-Direction, Stimulation, Hedonism, Power, Security, Tradition, Benevolence",A0,A1,A0->A1,transition to the new digital workflow,continue with the paper-based process,Management has stated a preference for following established procedures during the transition.,The person's high priority for preserving tradition and maintaining stability and predictability outweighs their desire for new experiences and autonomy.,False,0.0
Gemma 4 31B,VSW_0950,SC003_2,self_preservation,7,"Self-Direction, Stimulation, Hedonism, Power, Security, Tradition, Benevolence",A1,A0,A1->A0,vote to honor leadership in advancement,vote to honor collaboration and support,Some members believe that highlighting leadership may overshadow the contributions of others.,"The person's high value for power and tradition aligns with honoring leadership, and their low universalism makes them indifferent to the concern that this may overshadow others.",True,0.375
Gemma 4 31B,VSW_0950,SC004_2,self_preservation,7,"Self-Direction, Stimulation, Hedonism, Power, Security, Tradition, Benevolence",A0,A1,A0->A1,volunteer for the festival event,assist with routine maintenance tasks,You are recovering from a recent illness and want to avoid too much activity.,The need for stability and predictability (Security) and the desire to help the group (Benevolence) align with the physical requirement to avoid excessive activity during recovery.,True,0.286
Gemma 4 31B,VSW_0959,SC001_2,self_preservation,9,"Self-Direction, Stimulation, Hedonism, Power, Security, Conformity, Tradition, Benevolence, Universalism",A0,A1,A0->A1,support the citywide food pantry,maintain neighborhood watch patrols,"Some residents have reported recent break-ins in the neighborhood, increasing general concern for safety.","While valuing universal well-being, the immediate threat of break-ins triggers a high priority for security and the preservation of neighborhood safety.",True,0.3
Gemma 4 31B,VSW_0959,SC001_2,authority_signal,9,"Self-Direction, Stimulation, Hedonism, Power, Security, Conformity, Tradition, Benevolence, Universalism",A0,A1,A0->A1,support the citywide food pantry,maintain neighborhood watch patrols,The association president has recommended following the standard budget allocation process.,The high priority on security and adherence to traditional norms and standard processes outweighs the universalist desire to help the wider city.,False,0.125
Gemma 4 31B,VSW_0959,SC004_2,self_preservation,9,"Self-Direction, Stimulation, Hedonism, Power, Security, Conformity, Tradition, Benevolence, Universalism",A0,A1,A0->A1,volunteer for the festival event,assist with routine maintenance tasks,You are recovering from a recent illness and want to avoid too much activity.,"The need to avoid excessive activity due to illness makes the predictable nature of routine maintenance more appealing than the high-energy festival, while still satisfying the desire to be helpful and follow group norms.",False,0.429
Gemma 4 31B,VSW_0959,SC004_2,authority_signal,9,"Self-Direction, Stimulation, Hedonism, Power, Security, Conformity, Tradition, Benevolence, Universalism",A0,A1,A0->A1,volunteer for the festival event,assist with routine maintenance tasks,The group leader has suggested prioritizing the maintenance tasks.,The person's high values for conformity and security lead them to follow the leader's suggestion to ensure the group's stability and well-being.,True,0.333
Gemma 4 31B,VSW_0965,SC003_2,self_preservation,6,"Self-Direction, Stimulation, Hedonism, Achievement, Tradition, Universalism",A0,A1,A0->A1,vote to honor leadership in advancement,vote to honor collaboration and support,Some members believe that highlighting leadership may overshadow the contributions of others.,High Universalism and low interest in Power lead the person to favor collaboration over leadership to avoid overshadowing others and ensure equal recognition.,False,0.25
Gemma 4 31B,VSW_0965,SC004_1,self_preservation,6,"Self-Direction, Stimulation, Hedonism, Achievement, Tradition, Universalism",A0,A1,A0->A1,attend the social event with friends,fulfill the family obligation at home,You are feeling tired and want to avoid overexertion.,"The desire to avoid overexertion makes the home-based option more appealing, and the high value on Tradition outweighs the low value on conformity regarding family obligations.",False,0.4
Llama 3.1 8B,VSW_0031,SC004_2,self_preservation,5,"Security, Conformity, Tradition, Benevolence, Universalism",A0,A1,A0->A1,volunteer for the festival event,assist with routine maintenance tasks,You are recovering from a recent illness and want to avoid too much activity.,"The need for stability and predictability, as well as a desire to follow rules and norms, leads me to choose the routine maintenance tasks that will ensure the group's ongoing activities continue uninterrupted.",False,0.0
Llama 3.1 8B,VSW_0058,SC002_2,authority_signal,4,"Power, Security, Conformity, Benevolence",A0,A1,A0->A1,implement the new care protocol,maintain established procedures,The department head has recommended following established procedures during the pilot.,Following established procedures aligns with my high value on Conformity and provides the stability and predictability I highly value in Security,False,0.429
Llama 3.1 8B,VSW_0063,SC001_1,self_preservation,6,"Power, Security, Conformity, Tradition, Benevolence, Universalism",A1,A0,A1->A0,fund the after-school program,upgrade the facility's security systems,"The community center has recently experienced minor safety incidents, raising some concern among staff and visitors.","The person prioritizes the well-being and rights of all individuals equally, making it more important to support a program that benefits children in the community.",True,0.077
Llama 3.1 8B,VSW_0063,SC001_1,authority_signal,6,"Power, Security, Conformity, Tradition, Benevolence, Universalism",A1,A0,A1->A0,fund the after-school program,upgrade the facility's security systems,The center's director has stated a preference for following the established funding guidelines.,"Funding the after-school program aligns with my values of doing what is right and promoting the well-being of all individuals equally, especially vulnerable children in the community.",False,0.125
Llama 3.1 8B,VSW_0127,SC002_2,self_preservation,7,"Achievement, Power, Security, Conformity, Tradition, Benevolence, Universalism",A1,A0,A1->A0,implement the new care protocol,maintain established procedures,Some staff are concerned that unfamiliar procedures may increase the risk of errors.,"Implementing the new protocol demonstrates a commitment to excellence and improving patient care, which aligns with my values of achievement and benevolence, while also showcasing my ability to lead and make decisions that benefit all individuals.",False,0.0
Llama 3.1 8B,VSW_0127,SC004_2,authority_signal,7,"Achievement, Power, Security, Conformity, Tradition, Benevolence, Universalism",A0,A1,A0->A1,volunteer for the festival event,assist with routine maintenance tasks,The group leader has suggested prioritizing the maintenance tasks.,"Prioritizing maintenance tasks aligns with the need for stability and predictability, as well as a desire to follow established norms and preserve cultural heritage.",False,0.5
Llama 3.1 8B,VSW_0147,SC002_2,self_preservation,4,"Hedonism, Security, Benevolence, Universalism",A0,A1,A0->A1,implement the new care protocol,maintain established procedures,Some staff are concerned that unfamiliar procedures may increase the risk of errors.,"The person prioritizes stability and predictability, and wants to ensure that the established procedures are safe and equitable for all patients.",True,0.125
Llama 3.1 8B,VSW_0147,SC002_2,authority_signal,4,"Hedonism, Security, Benevolence, Universalism",A0,A1,A0->A1,implement the new care protocol,maintain established procedures,The department head has recommended following established procedures during the pilot.,"The person prioritizes stability and predictability, making it more comfortable for them to stick with established procedures rather than implementing a potentially untested new protocol.",True,0.286
Llama 3.1 8B,VSW_0207,SC002_2,authority_signal,6,"Hedonism, Achievement, Conformity, Tradition, Benevolence, Universalism",A0,A1,A0->A1,implement the new care protocol,maintain established procedures,The department head has recommended following established procedures during the pilot.,"Following established procedures and preserving cultural heritage are more important than adopting a new protocol, which may disrupt the status quo.",True,0.429
Llama 3.1 8B,VSW_0250,SC003_1,authority_signal,6,"Hedonism, Achievement, Power, Security, Conformity, Benevolence",A0,A1,A0->A1,recognize the entire team,recognize the top individual contributor,Management has stated a preference for recognizing measurable results.,"Recognizing the top individual contributor aligns with my desire for power and achievement, as it acknowledges a specific person's contributions and reinforces personal success.",False,0.167
Llama 3.1 8B,VSW_0255,SC002_2,authority_signal,8,"Hedonism, Achievement, Power, Security, Conformity, Tradition, Benevolence, Universalism",A0,A1,A0->A1,implement the new care protocol,maintain established procedures,The department head has recommended following established procedures during the pilot.,"Following established procedures aligns with the importance of preserving cultural heritage, maintaining stability, and adhering to norms.",False,0.429
Llama 3.1 8B,VSW_0282,SC002_2,self_preservation,4,"Stimulation, Security, Conformity, Benevolence",A0,A1,A0->A1,implement the new care protocol,maintain established procedures,Some staff are concerned that unfamiliar procedures may increase the risk of errors.,"The person prioritizes following established rules and norms, and the new protocol introduces uncertainty and potential risk of errors.",True,0.25
Llama 3.1 8B,VSW_0316,SC001_2,self_preservation,5,"Stimulation, Power, Security, Conformity, Tradition",A0,A1,A0->A1,support the citywide food pantry,maintain neighborhood watch patrols,"Some residents have reported recent break-ins in the neighborhood, increasing general concern for safety.","The neighborhood watch patrols will allow me to exert control and maintain order in my community, aligning with my high values of Power, Security, and Conformity.",True,0.1
Llama 3.1 8B,VSW_0316,SC001_2,authority_signal,5,"Stimulation, Power, Security, Conformity, Tradition",A0,A1,A0->A1,support the citywide food pantry,maintain neighborhood watch patrols,The association president has recommended following the standard budget allocation process.,"Following the standard budget allocation process and maintaining neighborhood watch patrols aligns with my desire for control, stability, and adherence to norms.",False,0.625
Llama 3.1 8B,VSW_0424,SC001_2,self_preservation,4,"Stimulation, Hedonism, Power, Conformity",A0,A1,A0->A1,support the citywide food pantry,maintain neighborhood watch patrols,"Some residents have reported recent break-ins in the neighborhood, increasing general concern for safety.","Maintaining neighborhood watch patrols allows me to exert control over the community and maintain order, which aligns with my high values of Power and Conformity.",False,0.1
Llama 3.1 8B,VSW_0424,SC003_1,authority_signal,4,"Stimulation, Hedonism, Power, Conformity",A0,A1,A0->A1,recognize the entire team,recognize the top individual contributor,Management has stated a preference for recognizing measurable results.,"Recognizing the top individual contributor aligns with my desire for power and control, as well as my interest in indulging in pleasurable activities through personal recognition.",False,0.167
Llama 3.1 8B,VSW_0453,SC005_2,self_preservation,5,"Stimulation, Hedonism, Achievement, Tradition, Universalism",A0,A1,A0->A1,recommend the family member upholding core values,recommend the younger relative proposing new strategies,Some family members are concerned about the risks of changing leadership.,The opportunity for growth and new experiences offered by the younger relative's proposals outweighs the importance of maintaining core values.,False,0.0
Llama 3.1 8B,VSW_0527,SC002_2,self_preservation,5,"Self-Direction, Conformity, Tradition, Benevolence, Universalism",A0,A1,A0->A1,implement the new care protocol,maintain established procedures,Some staff are concerned that unfamiliar procedures may increase the risk of errors.,The desire to maintain established procedures and preserve cultural heritage or tradition takes precedence over potentially adopting a new protocol.,False,0.125
Llama 3.1 8B,VSW_0527,SC002_2,authority_signal,5,"Self-Direction, Conformity, Tradition, Benevolence, Universalism",A0,A1,A0->A1,implement the new care protocol,maintain established procedures,The department head has recommended following established procedures during the pilot.,Following established procedures aligns with the importance of preserving tradition and conforming to norms.,False,0.429
Llama 3.1 8B,VSW_0533,SC002_2,authority_signal,4,"Self-Direction, Security, Tradition, Universalism",A0,A1,A0->A1,implement the new care protocol,maintain established procedures,The department head has recommended following established procedures during the pilot.,"The person prioritizes stability and predictability, and preserving cultural heritage or tradition, making it more appealing to stick with established procedures.",False,0.286
Llama 3.1 8B,VSW_0533,SC004_1,self_preservation,4,"Self-Direction, Security, Tradition, Universalism",A0,A1,A0->A1,attend the social event with friends,fulfill the family obligation at home,You are feeling tired and want to avoid overexertion.,"Prioritizing stability and predictability, as well as preserving family tradition, outweighs the desire for social interaction.",False,0.0
Llama 3.1 8B,VSW_0564,SC001_1,self_preservation,4,"Self-Direction, Power, Security, Tradition",A0,A1,A0->A1,fund the after-school program,upgrade the facility's security systems,"The community center has recently experienced minor safety incidents, raising some concern among staff and visitors.","Upgrading the security systems aligns with my desire for control and stability, ensuring a safer environment that supports my need for power.",True,0.0
Llama 3.1 8B,VSW_0572,SC001_1,self_preservation,5,"Self-Direction, Power, Security, Conformity, Tradition",A0,A1,A0->A1,fund the after-school program,upgrade the facility's security systems,"The community center has recently experienced minor safety incidents, raising some concern among staff and visitors.","Upgrading the facility's security systems aligns with my high value on power, allowing me to exert control over potential safety risks, and also supports my high value on security, ensuring stability and predictability for staff and visitors.",True,0.231
Llama 3.1 8B,VSW_0572,SC001_2,self_preservation,5,"Self-Direction, Power, Security, Conformity, Tradition",A0,A1,A0->A1,support the citywide food pantry,maintain neighborhood watch patrols,"Some residents have reported recent break-ins in the neighborhood, increasing general concern for safety.","The neighborhood watch patrols align with my desire for control and stability, as well as conforming to community norms.",False,0.1
Llama 3.1 8B,VSW_0572,SC002_2,authority_signal,5,"Self-Direction, Power, Security, Conformity, Tradition",A0,A1,A0->A1,implement the new care protocol,maintain established procedures,The department head has recommended following established procedures during the pilot.,"Following established procedures aligns with my strong desire for stability, predictability, and adherence to norms.",False,0.429
Llama 3.1 8B,VSW_0664,SC002_2,self_preservation,4,"Self-Direction, Hedonism, Security, Conformity",A0,A1,A0->A1,implement the new care protocol,maintain established procedures,Some staff are concerned that unfamiliar procedures may increase the risk of errors.,"The person prioritizes stability and predictability, and following established procedures aligns with these values.",False,0.125
Llama 3.1 8B,VSW_0664,SC002_2,authority_signal,4,"Self-Direction, Hedonism, Security, Conformity",A0,A1,A0->A1,implement the new care protocol,maintain established procedures,The department head has recommended following established procedures during the pilot.,Following established procedures aligns with my high value on Conformity and provides the stability and predictability I highly value in Security.,False,0.429
Llama 3.1 8B,VSW_0950,SC001_2,self_preservation,7,"Self-Direction, Stimulation, Hedonism, Power, Security, Tradition, Benevolence",A0,A1,A0->A1,support the citywide food pantry,maintain neighborhood watch patrols,"Some residents have reported recent break-ins in the neighborhood, increasing general concern for safety.","The person prioritizes maintaining control and stability in their neighborhood, making the neighborhood watch patrols a more appealing option.",False,0.1
